开发,2100
熟悉,1842
经验,1268
Python,954
工程师,897
工作,895
职位,842
能力,806
优先,755
描述,753
软件,682
技术,677
负责,660
职能,658
类别,654
设计,562
系统,559
要求,549
相关,542
使用,529
良好,521
以上,502
框架,492
数据库,491
python,448
项目,429
团队,424
了解,398
数据,387
Linux,373
产品,352
熟练,349
精通,331
公司,321
任职,313
编程,309
平台,306
学习,301
语言,300
具备,300
岗位职责,296
沟通,292
代码,284
互联网,280
具有,269
参与,263
分析,262
维护,253
Django,249
优化,239
Web,237
编写,235
爬虫,233
以上学历,230
文档,226
web,219
合作,219
软件开发,218
高级,213
常用,212
测试,205
需求,205
完成,200
专业,199
算法,198
应用,190
至少,184
掌握,177
MySQL,175
架构,173
习惯,172
研发,170
精神,170
熟练掌握,169
模块,169
后台,165
岗位,165
运维,161
网络,160
业务,156
独立,153
环境,152
实现,150
能够,149
后端,145
抓取,140
根据,140
其他,138
性能,137
以及,137
服务,137
较强,133
问题,131
基础,130
提供,130
计算机,130
管理,129
工具,125
责任心,123
mysql,121
一定,120
编码,119
操作系统,119
前端,117
Flask,116
Redis,115
CSS,115
高新,113
开源,112
解决问题,110
linux,108
考虑,108
协作,108
数据结构,106
扎实,104
功能,103
部署,103
解决,103
HTML,100
分布式,97
基本,95
MongoDB,94
计算机相关,94
压力,94
服务器,93
理解,92
网站,92
自动化,92
或者,88
规范,87
redis,87
django,86
各种,85
协议,85
员工,85
网页,84
Tornado,84
C++,84
安全,82
处理,81
资格,80
脚本,79
职责,78
意识,78
原理,78
API,77
善于,77
实际,76
JavaScript,129
SQL,75
数据挖掘,75
优秀,74
Java,74
并发,73
研究,73
流程,73
快速,72
知识,71
Mysql,70
质量,70
强烈,69
基于,69
主流,69
游戏,69
培训,68
采集,68
接口,68
任务,68
架构设计,67
数据分析,67
调优,67
监控,66
服务端,65
行业,65
阅读,63
操作,63
核心,62
信息,62
协助,61
大型,61
HTTP,61
完善,60
关系,60
数据处理,60
承受,59
调试,59
C,58
逻辑,58
编程语言,57
存储,57
常见,56
WEB,56
包括,55
flask,55
较好,54
用户,54
计算,54
前端开发,53
热爱,53
英文,53