Python开发工程师,157
python开发工程师,37
Python工程师,29
Python高级开发工程师,28
python工程师,17
Python研发工程师,9
Python软件工程师,7
Python高级工程师,7
高级Python开发工程师,6
Python开发,6
Python 开发工程师,5
Python,5
Python程序员,5
Python爬虫工程师,5
python开发,4
python爬虫工程师,4
高级Python工程师,4
python 开发工程师,3
Python爬虫开发工程师,3
python 工程师,3
python,3
PYTHON开发工程师,3
Python后端开发工程师,3
Python高级软件工程师,3
python讲师,2
高级python工程师,2
python程序员,2
Python数据挖掘工程师,2
python 软件工程师,2
Python Web开发工程师,2
Python运维工程师,2
Python开发实习生,2
高级python开发工程师,2
python后台开发工程师,2
Python讲师,2
Python web开发工程师,2
Python工程师/软件工程师,2
Python后端开发,2
Python web应用开发程序员,1
python爬虫实习生,1
python研发工程师,1
Python软件工程师（大数据产品开发）,1
python数据挖掘研究员,1
Python后端研发,1
资深Python开发工程师,1
运维软件-平台研发工程师 (Python) （上海、嘉兴）,1
Python软件工程师--国服,1
python培训讲师（专***）,1
Python开发工程师（驻外）,1
OpenStack研发工程师(python),1
软件开发（C/C++/Python),1
Junior Python Web Developer,1
Python web(Django)程序员,1
量化工程师（实习生，linux/c++/python）,1
Python运维开发工程师,1
python软件开发工程师/运维开发工程师,1
Python后台开发（数据分析）,1
Python Web 工程师,1
手游研发工程师（Python）（初级）,1
高级 Python 工程师,1
移动平台后端高级开发工程师（Go/Python）,1
python爬虫开发工程师,1
python web 开发工程师,1
Python工程师，对接VNPY系统,1
资深Python工程师,1
Python运维开发（外派石景山）,1
Python后端工程师,1
Python开发（熟悉odoo）,1
Open ERP ODOO（Python）,1
期货项目软件测试工程师 会用Python,1
Python工程师/ 后端研发,1
python开发工程师-KingFile,1
自然语言处理工程师（python java),1
高级软件开发工程师（C++/Python）_互联网金融项目,1
后台开发工程师（Python、C++）,1
Python Web产品开发工程师,1
python开发工程师--爬虫方向,1
Python Engineer（上海）,1
高级PHP开发工程师（需懂些Python）,1
Python软件工程师(实习),1
Python（scrapy）爬虫运营工程师,1
Python 爬虫工程师,1
python后端工程师,1
python后台开发,1
python开发工程师-北京-02211,1
爬虫工程师(Python方向),1
软件测试工程师（C++、java、python）,1
python Web开发工程师,1
后端开发工程师（Python开发）,1
Python/C/C++语言开发工程师,1
服务器工程师(python、php),1
Python 程序员 (数据应用岗),1
后端服务器程序员python优先,1
阿里移动-Python开发工程师,1
python中级工程师,1
游戏运维工程师-python,1
PHP、Python程序员,1
Python开发培训讲师（全职或兼职）,1
Python+MySQL 后台开发工程师,1
软件工程师（Python开发）,1
python 开发工程师1,1
python web开发工程师,1
Python开发工程师(J10080),1
运维研发python工程师,1
后端工程师（python）,1
量化IT系统工程师（C++、python、matlab）,1
后端开发工程师（python）,1
Python程序员 数据挖掘方向,1
Python服务器工程师-小米电视,1
web后端开发（python）,1
高级Python开发工程师（产品开发）,1
python软件开发工程师,1
python运维开发工程师,1
python开发工程师(J10904),1
Python web开发实习生,1
软件工程师 - Python,1
python系统技术支持工程师,1
运维开发工程师 （Python）--淘米游戏,1
服务器开发工程师（Python）,1
Python开发工程师（互联网）,1
java/python后台工程师,1
技术工程部-python开发工程师-北京-02155,1
人工智能 软件工程师（C++/Python/机器学习方向),1
技术支持工程师（Python软件运维）,1
搜狐媒体-社交产品中心-Python开发工程师,1
Python开发工程师（maya插件）,1
Python开发工程师/中级高级python软件工程师,1
Python 高级软件工程师,1
C++/Python 开发人员,1
"实习生（Java, Python）",1
Senior Software Engineer- Python,1
Python软件开发师,1
Python开发工程师（长亮合度-深圳）,1
python爬虫工程师（数据挖掘方向）,1
服务端研发工程师-Python（万得子公司）,1
JavaScript和Python开发工程师,1
Python工程师（爬虫方向）,1
大数据python开发工程师（银行金融，大数据研发）,1
数据工程师（python）,1
Python后端数据工程师,1
Python程序员(游戏开发),1
Python Developer,1
Python对日软件开发工程师,1
Python高级工程师/架构师--电信信息化,1
初级python开发工程师,1
Python+GO高级开发工程师,1
python工程师实习生,1
中高级python开发工程师,1
python高级开发工程师,1
python-北京-00026,1
后端开发 -Python/高级软件开发,1
数据采集工程师-python,1
Python 后端开发工程师,1
python/c++ 研发工程师,1
Django / Python 开发工程师,1
数据研发工程师（python）,1
后台开发工程师（Python、Java、PHP）,1
软件开发工程师（php+python）,1
python/go开发,1
python工程师（网络安全）,1
python软件工程师,1
Python开发工程师(J10644),1
Data Analytics Developer - Python,1
Python中高级开发工程师,1
Python开发工程师+双休+五险一金,1
大数据平台开发工程师（java/python）,1
Python/PHP开发工程师,1
资深软件工程师 (Python),1
Python工程师（绿野）,1
Python 软件工程师,1
数据平台工程师（python）,1
Python/Java实习生,1
互联网软件开发工程师(python方向),1
Python 后台工程师,1
风险软件工程师(Python方向),1
(ID49872)知名互联网视频公司 Python开发工程师,1
Python/Odoo初级开发工程师,1
Python 开发工程师(大数据方向),1
游戏客户端开发工程师（c++/python）,1
"Software Engineer_Python/C,C++/EDA",1
python/java开发工程师,1
广告后台开发工程师（Python）,1
招聘Python讲师,1
Python开发工程师-爱智康,1
Python 软件开发工程师,1
liunx运维工程师（有python开发经验）,1
Python研发工程师-爬虫方向,1
业务运维工程师（python）,1
Python开发工程师+实习生（大数据方向）,1
***IT编程中小学讲师助理（C++/Python方向）,1
爬虫抓取工程师（java，python）,1
Python Developer（Python开发人员）,1
编程课程设计（熟悉python）,1
Python 中级开发工程师,1
python中级开发工程师,1
python开发工程师（NO.集成1612）,1
测试开发工程师（C++/python）,1
软件开发工程师（.NET、Python）,1
python课程经理,1
python/django/flask开发工程师,1
Python数据挖掘工程师（爬虫方向）,1
后端研发/Python工程师-真格基金被投公司-齿轮易创,1
python开发工程师/python爬虫/python数据挖掘,1
软件开发工程师（c/c++/python）,1
Python软件工程师(工业物联网事业部),1
Go/Python语言开发工程师,1
python高级工程师,1
python开发工程师（爬虫）（C）,1
Java/Python服务器后台开发,1
爬虫工程师（Python工程师）,1
python/c工程师,1
大客户服务部-软件开发工程师（Java/C++/Python）,1
高级PYTHON工程师,1
Python测试开发工程师,1
python高级工程师--第四事业部,1
Python数据工程师,1
运维开发工程师/计算机/互联网/C/C++/Python/Java,1
后台开发工程师/JAVA/Python,1
Python/node程序员,1
php/Java/Python/C++开发工程师-平台,1
Python视觉算法实习生,1
Python研发工程师（北京）,1
Python工程师（网络爬虫方向）,1
"python运维工程师(zabbix,私有云方向)",1
Python开发工程师-云计算方向,1
架构师（python),1
python高级数据开发工程师（阿基米德）,1
网络安全工程师（python开发方向）,1
000017-008乐视控股-高级python开发工程师/爬虫-北京,1
软件开发工程师（python）,1
信息安全Python研发工程师,1
Linux C++/Python高级研发工程师,1
Web 开发工程师 - Python,1
云方向业务部门_Python开发工程师,1
资深Python后端开发/架构师,1
Python算法工程师,1
PHP开发组长/python开发,1
python开发工程师（20名）,1
python与大数据开发工程师,1
Python中级开发工程师,1
Python软件开发工程师,1
Python 初级开发工程师,1
Java/Python/Hadoop高级软件研发工程师,1
Python/C++软件开发工程师,1
python工程师（爬虫）,1
后端开发C++/PYTHON（主程级别）,1
驻京航天部门python/lua动态语言程序员,1
Python研发工程师（云安全研发部1702）,1
Python开发工程师（爬虫经验）+准上市公司+福利好,1
Python自动化测试工程师,1
python测试工程师,1
高级Python后端开发工程师,1
Python 中高级工程师（爬虫方向）,1
Python开发工程师(J10185),1
Python开发工程师（数据采集）,1
中级程序员（Python）,1
python游戏服务端开发主程序员,1
初级数据开发工程师(Python),1
Python数据开发工程师,1
资深Python开发,1
Python/Go 运维开发工程师,1
Python 数据开发实习生,1
资深Python 开发工程师,1
PHP/Python ERP软件开发工程师,1
python高级大数据开发工程师,1
高级python开发工程师(12952),1
python资深爬虫工程师,1
Python安全研发工程师,1
Python工程师（代招）,1
高级Python开发工程师/Django开发工程师/python大数据,1
中物物联网—Python中/高级工程师,1
HY2-监控系统开发工程师-Python（深圳）,1
JAVA/Python爬虫开发工程师,1
python（应届生）,1
Python中级工程师,1
Python Engineer,1
python/odoo开发,1
Python 开发工程师（外派）,1
python讲师(000554),1
气象卫星遥感应用开发/c++/java/Python/Fortran,1
python就业指导专员,1
C++/Python研发工程师,1
运维开发工程师（Python）,1
python web 高级开发工程师,1
python攻城狮,1
后端开发工程师（Python方向）,1
Python Web后端工程师,1
高级软件工程师(Python),1
Python/Django开发工程师,1
平台测试部_python web开发工程师,1
Python 后端工程师,1
"Software Engineer-Python, Perl",1
python数据采集工程师,1
Python开发工程师（大数据）,1
python测试工程师-长椿街-wx,1
"Software Engineer  Python, Java, Cloud",1
python工程师/perl工程师/php工程师,1
Python/PHP 语言开发工程师-YL,1
Python 数据采集工程师,1
python/matlab风险管理,1
php / ruby / python / nodejs / go 软件工程师,1
