1-1.5万/月,136
1.5-2万/月,90
1-2万/月,37
0.8-1万/月,33
0.8-1.5万/月,31
1.5-2.5万/月,27
6-8千/月,21
0.8-1.2万/月,17
1.5-3万/月,14
2-2.5万/月,13
2.5-3万/月,12
0.6-1万/月,10
,9
1-1.8万/月,8
2-3万/月,8
1-2.5万/月,8
1.2-2万/月,8
1.2-2.4万/月,7
0.6-1.5万/月,7
1.2-1.8万/月,6
20-30万/年,6
10-15万/年,6
0.8-1.6万/月,5
0.7-1万/月,5
0.6-1.2万/月,4
0.5-1万/月,4
15-20万/年,4
4.5-6千/月,4
1-1.2万/月,4
0.7-1.4万/月,4
1.5-2.2万/月,4
1-1.6万/月,3
3-4.5千/月,3
5-8千/月,3
4-8千/月,3
1.2-1.5万/月,3
0.7-1.5万/月,3
10-20万/年,2
2.5-5万/月,2
0.9-1.5万/月,2
2-5万/月,2
5-6千/月,2
120元/天,2
1.8-2.5万/月,2
2-4万/月,2
0.7-1.2万/月,2
1.3-1.8万/月,2
5-7千/月,2
0.8-2万/月,2
0.5-1.2万/月,2
7-9千/月,1
10-50万/年,1
3-4万/月,1
248元/天,1
1-1.3万/月,1
1-3万/月,1
250元/天,1
4.5-7千/月,1
15-25万/年,1
150元/天,1
0.7-2万/月,1
2.5-3.5万/月,1
1-4万/月,1
0.9-1.2万/月,1
0.6-1.8万/月,1
2-6万/月,1
2.5-4.5万/月,1
12-20万/年,1
300元/天,1
0.7-2.1万/月,1
7-8千/月,1
0.9-1.1万/月,1
1.5-4万/月,1
4-7千/月,1
1.8-3万/月,1
1.3-1.7万/月,1
1.4-2.8万/月,1
0.4-1.5万/月,1
1.2-2.5万/月,1
2-3.5万/月,1
4.9-8.9千/月,1
1.2-3万/月,1
6-9千/月,1
0.9-1.6万/月,1
0.8-1.3万/月,1
2.5-4万/月,1
1.2-2.8万/月,1
0.8-1.1万/月,1
1.3-2万/月,1
1.3-2.8万/月,1
1-1.9万/月,1
0.6-2万/月,1
1.4-2.5万/月,1
1.3-2.5万/月,1
0.7-1.3万/月,1
3.5-5万/月,1
30-40万/年,1
0.6-1.1万/月,1
7-12万/年,1
1.1-2万/月,1
0.9-1.3万/月,1
0.8-3万/月,1
0.8-1.8万/月,1
1.8-3.5万/月,1
