???????????????,2100
?????????????,1842
???????????,1268
Python,1402
??????????????????,897
????????????,895
???????????,842
??????????,806
?????????,755
??????????,753
?????????????,682
???????????????,677
????????????,660
?????????????,658
??????????,654
???????????,562
??????????,559
????????????,549
???????????,542
???????????,529
???????????,521
??????????,502
???????????,492
?????????????????,491
??????????,429
???????????,424
??????????,387
Linux,496
???????????,349
???????????????,331
??????????,321
??????????,313
???????????,311
????????????,309
??????????,306
??????????,301
????????????,300
????????ÿ??,300
???????????????????????,296
???????????????,292
????????????????????,291
??????????,284
??????????????????,280
????????????,269
????????????,263
????????????,262
?????????,253
Django,340
????????,239
Web,512
?????????????,235
???????????,233
??????????,230
???????????,226
???????????,219
?????????????????????????????,218
???????????,213
?????????????,212
????????????,205
???????????????,205
???????????,200
???????????,199
??????????,198
???????????,190
??????????,184
???????????,177
MySQL,402
????????????,173
???????????,172
??????????,170
?????????,170
??????????????????????,169
???????????,169
?????????,165
???????????,165
?????????????,161
??????????,160
??????????,156
??????????????,154
?????????????,153
???????????,152
??????????,152
????????????,150
??????????,149
??????????,145
????????????,142
??????????,140
????????????,140
??????????,138
??????????,137
?????????,137
??????????,137
????????????,133
????????????,131
??????????,130
???????????,130
??????????????????,130
???????????,129
????????????,125
???????????????????,123
???????????????,120
?????????????,119
??????????????????????,119
??????????,117
Flask,173
Redis,208
CSS,168
???????????,113
??????????????,112
?????????????????????,110
??????????,108
???????????,108
????????????????????,106
??????????,104
?????????????,103
?????????????,103
???????????,103
HTML,179
??????????????????,97
????????????,95
MongoDB,180
??????????????????????????,94
??????????,94
?????????????????,93
?????????,92
???????????,92
???????,92
??????????????????,92
????????????????,88
??????????,87
?????????,85
???????????,85
?????????,85
???????????,84
Tornado,133
C++,84
????????????,82
????????,81
???????????,80
???????????,79
????????????,78
???????????,78
???????????,78
API,77
?????????,77
???????????,76
JavaScript,154
SQL,99
???????????????????,75
?????????,74
Java,126
??????????,73
??????????,73
??????????,73
???????????????,72
???????????,71
?????????????,70
???????????,69
??????????,69
??????????,69
??????????,69
????????????,68
????????????,68
???????????,68
?????????,68
???????????????????????,67
????????????????????,67
??????????,67
???????????,66
?????????????????,65
???????????,65
???????,64
????????????,63
??????????,63
??????????,62
???????????,62
??????????,61
??????????,61
HTTP,97
????????????,60
??????????,60
?????????????????????,60
???????????,59
???????????,59
??????????,59
C,58
???????????,58
???????????????????????,57
???????????,57
???????????,56
????????????,55
?????????????,54
???????????,54
????????????,54
??????????????????????????,53
??????????,53
???????????,53
??????????????,52
?????????,52
???????????,51