 ,6953
、,6146
，,5198
"
",4724
的,3816
；,3557
：,2898
.,2278
开发,2100
熟悉,1842
和,1596
。,1429
有,1336
经验,1268
2,1265
1,1238
3,1125
/,1015
等,992
Python,954
工程师,897
工作,895
职位,842
",",823
4,811
能力,806
优先,755
描述,753
软件,682
技术,677
负责,660
职能,658
类别,654
5,622
及,619
设计,562
系统,559
要求,549
相关,542
使用,529
良好,521
以上,502
框架,492
数据库,491
-,462
python,448
年,444
项目,429
团队,424
者,398
了解,398
6,395
与,394
数据,387
或,382
Linux,373
对,369
产品,352
）,351
熟练,349
精通,331
公司,321
任职,313
进行,311
编程,309
平台,306
学习,301
语言,300
具备,300
岗位职责,296
能,293
沟通,292
并,292
关键字,291
（,284
代码,284
互联网,280
具有,269
参与,263
分析,262
维护,253
Django,249
7,240
优化,239
Web,237
编写,235
 ,235
爬虫,233
以上学历,230
文档,226
web,219
合作,219
软件开发,218
高级,213
常用,212
测试,205
需求,205
完成,200
专业,199
算法,198
应用,190
至少,184
掌握,177
:,176
MySQL,175
架构,173
习惯,172
研发,170
精神,170
熟练掌握,169
模块,169
and,168
后台,165
岗位,165
运维,161
网络,160
业务,156
强,155
一种,154
独立,153
在,152
环境,152
本科,152
中,152
实现,150
能够,149
*,148
如,146
后端,145
),142
我们,142
抓取,140
根据,140
其他,138
性能,137
以及,137
服务,137
8,136
(,134
较强,133
问题,131
基础,130
提供,130
计算机,130
管理,129
;,127
工具,125
责任心,123
mysql,121
一定,120
编码,119
操作系统,119
前端,117
Flask,116
Redis,115
CSS,115
高,113
新,113
开源,112
解决问题,110
linux,108
考虑,108
协作,108
数据结构,106
为,105
扎实,104
功能,103
部署,103
解决,103
?,101
HTML,100
—,100
大,97
分布式,97
基本,95
MongoDB,94
计算机相关,94
下,94
压力,94
服务器,93
理解,92
网站,92
云,92
自动化,92
to,91
过,90
你,89
或者,88
规范,87
redis,87
django,86
各种,85
协议,85
员工,85
网页,84
Tornado,84
C++,84
安全,82
【,82
】,82
处理,81
资格,80
脚本,79
of,79
职责,78
in,78
意识,78
原理,78
API,77
善于,77
实际,76
JavaScript,75
SQL,75
数据挖掘,75
优秀,74
Java,74
并发,73
研究,73
流程,73
快速,72
是,72
知识,71
+,71
Mysql,70
the,70
质量,70
强烈,69
基于,69
主流,69
游戏,69
培训,68
采集,68
9,68
接口,68
任务,68
架构设计,67
数据分析,67
调优,67
with,66
监控,66
服务端,65
行业,65
库,64
阅读,63
操作,63
核心,62
信息,62
型,61
协助,61
大型,61
HTTP,61
完善,60
关系,60
数据处理,60
会,59
福利,59
承受,59
调试,59
可,58
C,58
逻辑,58
编程语言,57
存储,57
常见,56
WEB,56
包括,55
flask,55
较好,54
a,54
用户,54
计算,54
Javascript,54
加,53
前端开发,53
热爱,53
英文,53
假,53
运营,52
承担,52
配合,51
策略,50
自己,49
程序,49
带薪,49
持续,49
两年,49
机器,49
mongodb,48
金融,48
实施,48
配置,47
方案,47
需要,47
tornado,47
？,47
PHP,46
提升,46
shell,46
TCP,46
Odoo,46
丰富,46
您,45
风格,45
git,45
领域,45
大专,45
一个,45
多,44
服务器端,44
多线程,44
IP,44
日常,44
活动,44
方面,44
数学,43
部门,43
搭建,43
拥有,43
PostgreSQL,43
主要,42
NoSQL,42
Shell,42
过程,42
积极,41
单元测试,41
发展,41
java,41
Git,40
一年,40
客户,40
Nginx,39
技术支持,39
技能,39
Unix,39
其中,39
将,38
可以,38
专业本科,38
责任感,38
有过,38
nginx,37
Hadoop,37
Oracle,37
非,37
多种,37
上,37
毕业,36
稳定性,36
html,36
乐于,36
相应,36
js,36
三年,36
http,36
旅游,35
深入,35
二次开发,35
功能模块,35
MVC,35
css,35
兴趣,35
OpenStack,35
现有,35
缓存,35
基础知识,35
分,34
运用,34
com,34
清洗,34
jQuery,34
很,34
时间,34
解决方案,33
10,33
一金,33
抽取,33
内容,33
协调,33
设计模式,33
功底,33
OpenERP,32
不,32
积极主动,32
集成,32
for,32
data,32
思维,32
第三方,32
改进,32
管理系统,32
脚本语言,32
or,31
接受,31
面向对象,31
保证,31
计划,31
制定,31
敏捷,31
做,31
以下,31
正则表达式,31
逻辑思维,31
高质量,31
队列,30
模型,30
人,30
后,30
分项,30
标准,30
版本,30
．,30
is,29
节日,29
地点,29
设备,29
分布式系统,29
管理工具,29
解析,29
激情,29
一门,29
企业,29
各类,29
清晰,29
五险,29
支持,29
好,29
自学能力,28
！,28
HTML5,28
结构,28
RESTful,28
各,28
组件,28
用,28
爬取,28
创新,28
结构化,28
所,28
will,28
development,28
Apache,28
统计,27
个人,27
内部,27
程序开发,27
书写,27
方法,27
人员,27
国家,27
消息,27
大规模,27
开发技术,27
端,27
构建,27
英语,27
Mongodb,27
通过,27
管理员,27
深度,26
按照,26
体系,26
experience,26
体检,26
认真,26
通信,26
态度,26
其它,26
组织,26
踏实,26
稳定,26
以,26
APP,26
不断,26
一起,26
方向,26
实践,26
关系数据库,26
Experience,25
思想,25
课程,25
钻研,25
自我,25
交流,25
薪资,25
机会,25
命令,25
并且,25
法定,25
表达能力,25
JS,24
work,24
sql,24
创业,24
其,24
条件,24
建立,24
效率,24
成员,24
交易,24
常用命令,24
指导,24
智能,24
ERP,24
攻关,24
on,24
额外,23
php,23
更,23
到,23
Bootstrap,23
产品开发,23
年度,23
软件工程,23
XML,23
如果,23
建设,23
迭代,23
整合,23
移动,23
集群,23
上线,23
提出,23
免费,22
及其,22
了,22
对接,22
职业,22
例如,22
控制,22
成长,22
安装,22
享有,22
简历,22
完整,22
主动,22
海量,22
虚拟化,22
评估,22
模式,22
双休,22
号,22
发布,22
目标,21
驱动,21
技术开发,21
详细,21
Spark,21
体验,21
软件测试,21
网络协议,21
人才,21
讨论,21
经历,21
部分,21
@,21
页面,21
招聘,21
量化,21
撰写,21
you,21
建模,21
Docker,21
挑战,21
待遇,21
交互,21
安排,21
高度,21
按时,21
产品设计,21
Tomcat,20
扩展,20
as,20
机制,20
办公,20
弹性,20
确保,20
IT,20
假期,20
较大,20
自主,20
天,20
薪酬,20
愿意,20
全日制,20
补贴,20
语句,20
奖金,20
思考,20
team,20
月,20
更佳,20
购买,20
背景,19
严谨,19
高性能,19
节假日,19
JSON,19
程序设计,19
进程,19
异步,19
主动性,19
统招,19
视频,19
加入,19
空间,19
个,19
经理,19
&,19
基本操作,19
●,19
Ajax,19
计算机软件,18
学历,18
www,18
重构,18
也,18
需,18
skills,18
热情,18
工作制,18
团队精神,18
多媒体,18
通讯,18
一,18
科技,18
区块,18
前后,18
Scrapy,18
于,18
javascript,18
简单,18
投资,18
RabbitMQ,18
00,18
建议,18
按,18
要,18
类,18
运行,18
scrapy,18
富有,18
调研,17
比如,17
应用程序,17
等等,17
可视化,17
请,17
跟踪,17
微信,17
晋升,17
理论,17
software,17
高效,17
对于,17
利用,17
周末,17
链,17
识别,17
抗压,17
从事,17
调度,17
同时,17
任意,17
保险,17
加班,17
12,17
有限公司,16
JQuery,16
结果,16
表达,16
市场,16
Memcached,16
小时,16
py,16
比较,16
文本,16
定期,16
from,16
发现,16
本,16
规划,16
引擎,16
难点,16
工程,16
oracle,16
联网,16
设计师,16
C#,16
共同,16
负载,16
design,16
竞争力,16
be,16
进度,16
来,16
实时,16
指定,16
GIT,15
之一,15
保障,15
HBase,15
较,15
全栈,15
ORM,15
重视,15
端的,15
氛围,15
福利待遇,15
复杂,15
REST,15
执行,15
可用,15
规则,15
遇到,15
搜索,15
但,15
探索,15
流行,15
规定,15
technology,15
对系统,15
物,15
English,15
自然语言,15
提高,15
Android,15
电子,15
Restful,15
上海,14
based,14
欢迎,14
软件设计,14
Celery,14
希望,14
都,14
生日,14
技术难题,14
风险,14
MYSQL,14
…,14
CSS3,14
推动,14
追求,14
在线,14
bootstrap,14
Go,14
访问,14
生产,14
左右,14
广告,14
test,14
Strong,14
修复,14
MySql,14
Socket,14
communication,14
从,14
地址,14
挖掘,14
非常,14
jquery,14
NoSql,14
而,14
客户端,14
讲师,14
Memcache,14
Windows,13
北京,13
去,13
故障,13
文化,13
SVN,13
适应,13
关注,13
网络安全,13
每年,13
B,13
营销,13
分类,13
product,13
上进心,13
投递,13
修改,13
每周,13
地,13
化,13
大学本科,13
”,13
S,13
拓展,13
Postgresql,13
激励,13
WebServer,13
by,13
交付,13
有大,13
“,13
报告,13
面向对象编程,13
Node,13
整理,13
that,13
unix,13
中心,13
实践经验,12
Openstack,12
命名,12
交办,12
are,12
擅长,12
搜索引擎,12
本科学历,12
该,12
安全性,12
twisted,12
源代码,12
合理,12
教育,12
能耗,12
深刻理解,12
网络通信,12
软件系统,12
获得,12
Pandas,12
执行力,12
年终,12
server,12
语法,12
公积金,12
技巧,12
年终奖,12
满足,12
浓厚,12
主要职责,12
提取,12
模拟,12
开放,12
／,12
资料,12
专科,12
上班,12
最好,12
具体,12
享受,12
开发人员,12
及时,12
情况,12
other,12
memcache,12
带领,12
code,12
做事,12
动手,12
KVM,12
对应,12
优势,12
二,12
测试用例,12
思路清晰,12
反馈,12
hadoop,12
绩效奖金,12
人工智能,12
期权,12
让,12
素养,12
上级,12
作为,12
认真负责,12
电商,12
社区,11
聚餐,11
11,11
gevent,11
内,11
长期,11
同事,11
给,11
实战经验,11
生育,11
openstack,11
svn,11
升级,11
understanding,11
活跃,11
github,11
30,11
功能设计,11
容器,11
最,11
逻辑性,11
各项,11
喜欢,11
诱惑,11
状态,11
Golang,11
机器人,11
Html,11
入库,11
如何,11
推荐,11
欲望,11
docker,11
反,11
更新,11
LINUX,11
mongo,11
We,11
Server,11
JAVA,11
礼品,11
项目经理,11
\,11
录用,11
pandas,11
进取心,11
产假,11
framework,11
UNIX,11
项目管理,11
动态,11
工资,11
制度,11
上班时间,11
案例,11
补助,11
socket,11
深圳,11
bug,10
Ansible,10
plus,10
作品,10
说明,10
硕士,10
婚假,10
生活,10
Review,10
中间件,10
Selenium,10
浏览器,10
主导,10
硬件,10
have,10
渗透,10
this,10
etc,10
cn,10
认识,10
爬,10
登录,10
从业,10
专注,10
交通,10
无,10
尤佳,10
元,10
至,10
written,10
实习,10
xpath,10
决策,10
住房,10
存在,10
把,10
knowledge,10
进,10
索引,10
强大,10
每个,10
医疗保险,10
原则,10
业界,10
Perl,10
充满,10
特别,10
线上,10
丰厚,10
☉,10
五天,10
实行,10
积极向上,10
OOP,10
双薪,10
at,10
odoo,10
特性,10
apache,10
任何,10
价值,10
测试工具,10
开发计划,10
XPath,10
更好,10
获取信息,10
source,10
18,10
层,10
编程技术,10
an,10
Python2,9
源码,9
企业级,9
知名,9
领导,9
保持,9
敬业精神,9
Twisted,9
均,9
成功,9
帮助,9
打造,9
每天,9
定制,9
公众,9
除,9
聚类,9
符合,9
服务平台,9
结合,9
GitHub,9
ElasticSearch,9
效果,9
类库,9
必要,9
就,9
广州,9
app,9
端系统,9
站,9
渠道,9
c++,9
舒适,9
健康,9
各个,9
手机,9
Github,9
加固,9
加分,9
认证,9
视为,9
特色,9
销售,9
定义,9
SQLServer,9
R,9
排查,9
Ruby,9
our,9
You,9
国内,9
开发进度,9
任一,9
已有,9
..,9
协同,9
充分,9
领先,9
构架,9
不定期,9
给予,9
开发者,9
,9
失业,9
包,9
羽毛球,9
实习生,9
Familiar,9
缺陷,9
·,9
提交,9
调用,9
postgresql,9
性,9
working,9
手游,9
绩效,9
懂得,9
培养,9
自身,9
Nodejs,9
理解能力,9
达到,9
传输,9
学员,9
方式,9
开发工具,9
检测,9
辅助,9
注重,9
CMS,9
限,9
计算机专业,9
策划,9
Nosql,9
MQ,9
l,8
成熟,8
心态,8
养老保险,8
计算机网络,8
both,8
病假,8
财务,8
业内,8
高可用性,8
Jquery,8
process,8
春节,8
素质,8
六险,8
敏感,8
博客,8
读写能力,8
编译,8
软件产品,8
响应,8
React,8
商业,8
想,8
总结,8
实战,8
文件,8
985,8
Code,8
系统分析,8
发放,8
ajax,8
restful,8
毕业生,8
verbal,8
创造,8
选型,8
LNMP,8
projects,8
原型,8
DIV,8
证券,8
外,8
tools,8
这里,8
授课,8
礼金,8
专家,8
很强,8
漏洞,8
one,8
每月,8
Numpy,8
有运维,8
全面,8
程序员,8
审核,8
systems,8
外派,8
意见,8
零食,8
想法,8
网络服务,8
有效,8
遥感,8
易,8
spark,8
求知欲,8
反爬,8
service,8
改善,8
水果,8
细致,8
方案设计,8
核心技术,8
重,8
数据库系统,8
hr,8
奖励,8
知道,8
整个,8
13,8
Postgres,8
细心,8
耐心,8
亲手,8
open,8
报警,8
一些,8
展示,8
注释,8
制作,8
此,8
致力于,8
图谱,8
定位,8
一家,8
写,8
celery,8
通用,8
消息中间件,8
责任,8
基本工资,8
地铁,8
二年,8
Cassandra,8
近脉,8
review,8
感兴趣,8
UML,8
经费,8
工伤保险,8
连接,8
sales,8
应届,8
贡献者,8
DevOps,8
表,8
关键,8
收集,8
rabbitmq,8
安全漏洞,8
灵活运用,8
可用性,8
有云,8
理念,8
存储系统,7
网络设备,7
DB,7
海外,7
贺礼,7
AJAX,7
Kafka,7
过滤,7
国内外,7
Cookie,7
前沿技术,7
教学,7
套利,7
注,7
创造力,7
未来,7
重要,7
直接,7
创意,7
比较复杂,7
团建,7
★,7
前,7
responsible,7
极强,7
end,7
员工福利,7
numpy,7
分布式计算,7
两个,7
Knowledge,7
轻松,7
时,7
模板,7
0,7
required,7
水平,7
Mac,7
特点,7
本地,7
211,7
自我管理,7
有加,7
接入,7
满,7
浓厚兴趣,7
Python3,7
debug,7
万,7
视觉,7
信息管理,7
一次,7
拆分,7
1.2,7
层面,7
依据,7
对大,7
application,7
年终奖金,7
难题,7
账号,7
integration,7
勇于,7
诚实,7
深刻,7
邮箱,7
可扩展性,7
取,7
PYTHON,7
测试环境,7
积累,7
沟通交流,7
先进,7
协同工作,7
每位,7
配置管理,7
统计学,7
全职,7
只要,7
基本知识,7
咨询,7
应届生,7
均衡,7
售前,7
抓包,7
涉及,7
严格要求,7
H5,7
三,7
爱好,7
成为,7
problem,7
神经网络,7
下午茶,7
面向,7
s,7
制,7
封,7
不同,7
整体,7
限于,7
广阔,7
卓越,7
银行,7
北京市,7
正直,7
Xpath,7
CI,7
support,7
关键技术,7
AWS,7
Engineering,7
这样,7
路,7
help,7
优良,7
前景,7
年底,7
有用,7
社保,7
用于,7
目前,7
资源,7
你们,7
OO,7
时代,7
SHELL,7
engineering,7
还有,7
场景,7
做过,7
iOS,7
front,7
’,7
c#,6
years,6
还,6
大部分,6
性格开朗,6
查询,6
指标,6
资深,6
且,6
SOCKET,6
式,6
经验丰富,6
调,6
CloudStack,6
准备,6
use,6
综合,6
内存,6
工作效率,6
医疗,6
developers,6
界面,6
Pyspider,6
json,6
K,6
风控,6
攻克,6
基金,6
script,6
入职,6
外出,6
CMDB,6
做好,6
matlab,6
...,6
solutions,6
自由,6
－,6
成立,6
定向,6
Storm,6
China,6
概念,6
社会保险,6
Job,6
"""",6
UI,6
每,6
支付,6
develop,6
总监,6
Good,6
针对,6
评审,6
上司,6
无障碍,6
主机,6
测试方法,6
we,6
good,6
学校,6
鼓励,6
软件架构,6
立即,6
独立思考,6
股权,6
分解,6
文本处理,6
优秀者,6
卫星,6
一款,6
hbase,6
形成,6
_,6
几种,6
对云,6
nosql,6
搜,6
办理,6
讲授,6
程序代码,6
图像,6
说明书,6
课程体系,6
文字,6
国际,6
足球,6
pyspider,6
non,6
毅力,6
体系结构,6
前沿,6
训练,6
记录,6
所有,6
遵守,6
适当,6
规范化,6
多个,6
攻击,6
生日礼品,6
事业,6
楼,6
户外,6
结构设计,6
all,6
solution,6
组长,6
格式,6
mongoDB,6
参加,6
计算机科学,6
ansible,6
身体健康,6
可维护性,6
>,6
小,6
',6
技术培训,6
项目组,6
开展,6
Nutch,6
unit,6
网络游戏,6
net,6
UDP,6
language,6
投,6
院校,6
任务分配,6
api,6
底层,6
Bash,6
同步,6
your,6
积极参与,6
such,6
Zookeeper,6
政府,6
The,6
破解,6
improve,6
请求,6
选择,6
架构师,6
排序,6
组,6
数字,6
blog,6
协程,6
棋牌,6
Excellent,6
健身房,6
面试,6
便利,6
database,6
俱乐部,6
靠,6
演进,6
上岗,6
信息技术,6
BI,6
贡献,6
新型,6
介绍,6
充满热情,6
必须,6
已,6
multiple,6
learn,6
解,6
重点,6
控,6
Create,6
analysis,6
solving,6
合作伙伴,6
position,6
requirements,6
驱动力,6
new,6
面对,6
遵循,6
肯干,6
含义,6
加薪,6
PEP,6
应对,6
紧密,6
级,6
Solr,6
real,6
围绕,6
windows,6
7.5,6
成本,6
低,6
including,6
c,6
able,6
DB2,6
可靠,6
创客,6
为佳,6
津贴,6
HR,6
存储技术,6
深圳市,6
Hive,6
technologies,6
没有,6
专业知识,6
系统维护,6
预研,6
从优,5
准确,5
相信,5
专利,5
%,5
into,5
need,5
公共,5
模块化,5
开发阶段,5
角度,5
Engineer,5
出,5
完备,5
碰到,5
上级领导,5
支撑,5
AngularJS,5
事件,5
折腾,5
following,5
生日会,5
MS,5
耦,5
strong,5
阿里,5
BS,5
处于,5
为主,5
go,5
别人,5
品牌,5
devops,5
Scala,5
冗余,5
有关,5
获取,5
分布式文件系统,5
系统管理,5
测试人员,5
XSS,5
监测,5
基因,5
Wordpress,5
须,5
梦想,5
辅助工具,5
年限,5
ELK,5
大型项目,5
思维能力,5
functional,5
注入,5
肯,5
申请,5
较为,5
background,5
小姐,5
所属,5
擅于,5
user,5
selenium,5
按计划,5
这些,5
过高,5
常用软件,5
high,5
开放平台,5
Software,5
语音,5
Ngnix,5
saltstack,5
报表,5
有意者,5
Vue,5
Akuna,5
运动,5
易读,5
testing,5
线,5
虚拟,5
理工科,5
编辑,5
明确,5
覆盖率,5
防御,5
很快,5
A,5
学位证,5
出色,5
电信,5
zabbix,5
初创,5
IOS,5
屏蔽,5
测试计划,5
公平,5
四级,5
备注,5
engineer,5
未知,5
有所,5
向,5
程序化,5
当,5
阶段,5
HIVE,5
SAS,5
率低,5
宇华,5
担任,5
发送至,5
号线,5
well,5
build,5
他,5
气象,5
scipy,5
次,5
服务器程序,5
websocket,5
找到,5
job,5
发挥,5
QA,5
SSH,5
两种,5
系统集成,5
前瞻,5
瓶颈,5
节点,5
公司简介,5
信息安全,5
自动,5
release,5
SDN,5
位于,5
kafka,5
education,5
优厚,5
指令,5
品位,5
management,5
序列化,5
日志,5
爱,5
休息,5
心情,5
售后,5
引进,5
开发方式,5
路线,5
混合,5
agile,5
参数,5
多元化,5
Scipy,5
分钟,5
欢乐,5
应变能力,5
设计规范,5
their,5
closely,5
Computer,5
CRM,5
消重,5
公司员工,5
learning,5
信息提取,5
读写,5
放宽,5
small,5
单位,5
members,5
为了,5
react,5
PaaS,5
站点,5
深入研究,5
EE,5
转换,5
远程,5
Design,5
数据系统,5
划分,5
estate,5
进一步,5
achieve,5
请勿,5
歌,5
出现,5
phthon,5
餐补,5
插件,5
PC,5
自行,5
布局,5
之,5
起来,5
错开,5
警报,5
MemCache,5
严格,5
公司地址,5
互动,5
周期,5
网络通讯,5
近,5
mangoDB,5
environment,5
微,5
15,5
足够,5
access,5
上海市,5
IO,5
优秀员工,5
14,5
扩展性,5
some,5
篮球,5
告警,5
基础架构,5
采用,5
Movoto,5
most,5
SQLite,5
防,5
飞,5
RPC,5
带薪休假,5
吃苦,5
数据分析系统,5
1.1,5
工作岗位,5
常规,5
怡安悠选,5
含,5
Science,5
命令行,5
高强度,5
related,5
百度,5
memcached,5
J2EE,5
应用软件,5
全部,5
SOAP,5
期望,5
possible,5
这个,5
尊重,5
ability,5
Zabbix,5
Ability,5
方便,5
栈,5
E,5
懂,5
preferred,5
永信,5
突破,5
needs,5
电话,5
information,5
信息检索,5
写出,5
因为,5
电视,5
优秀人才,5
大家,5
深厚,5
perl,5
通道,5
社交,5
主程,5
数据模型,5
motivated,5
这,5
串口,5
system,5
谱,5
联系,5
休闲,5
cloud,5
有薪,5
控制软件,5
总部,5
思路,5
省,5
做出,5
bash,5
优等,5
Automation,5
八小时,5
如下,5
更加,5
Sqlalchemy,5
Product,5
慰问,5
我,5
转正,5
得,5
谢谢,5
Jenkins,5
2.2,5
spider,5
lua,5
宿舍,4
乐意,4
起步,4
集团,4
三方,4
wifi,4
月薪,4
并非,4
also,4
nutch,4
mvc,4
概要,4
给出,4
具,4
审视,4
知识结构,4
增长,4
类产品,4
应用服务器,4
kvm,4
automation,4
休,4
CS,4
unittest,4
易链,4
温馨,4
一流,4
政策,4
流量,4
Familiarity,4
开始,4
坚持,4
Css,4
trading,4
SES,4
推进,4
针对性,4
candidate,4
REDIS,4
执着,4
对外,4
uwsgi,4
数码城,4
Responsibilities,4
tomcat,4
结婚,4
ruby,4
产品质量,4
考核,4
直播,4
开朗,4
无论,4
手机游戏,4
skill,4
稳健,4
共识,4
改造,4
缴纳,4
新加坡,4
工作日,4
Tensorflow,4
包含,4
URL,4
流,4
关键问题,4
写法,4
输出,4
创新能力,4
InfluxDB,4
CSRF,4
可行性,4
they,4
学生,4
产品化,4
用户界面,4
周,4
不断前进,4
opportunity,4
WSGI,4
统计分析,4
名,4
垃圾,4
不会,4
driven,4
限制,4
细节,4
倍,4
up,4
严格执行,4
stack,4
快,4
不能,4
扫描,4
一套,4
地图,4
安卓,4
200,4
ETL,4
咖啡,4
知识者,4
无缝,4
SQLAlchemy,4
上市公司,4
Proficient,4
手写,4
JAVASCRIPT,4
storage,4
视,4
一位,4
带,4
资金,4
任务调度,4
私有,4
while,4
审查,4
迅速,4
人民币,4
负责人,4
directly,4
In,4
basic,4
增强,4
分离,4
Sybase,4
语言表达,4
专研,4
cloudstack,4
writing,4
广州市,4
technical,4
广大,4
嵌入式,4
级别,4
environments,4
新人,4
App,4
part,4
微博,4
态度端正,4
Jmeter,4
Object,4
XHTML,4
数,4
条理性,4
Management,4
architecture,4
tool,4
role,4
保证系统,4
continuous,4
运,4
月工资,4
生日礼物,4
基础设施,4
补充,4
Mongo,4
肯定,4
全勤奖,4
开发方法,4
诚信,4
用餐,4
NLP,4
图表,4
python2,4
rpc,4
Senior,4
气象卫星,4
标准化,4
晚餐,4
生产力,4
人力资源,4
寻找,4
崇尚,4
algorithm,4
子系统,4
达,4
全球,4
工业,4
搜狗,4
大牛,4
ExtJs,4
NOSQL,4
AMQP,4
台,4
VMware,4
检索,4
年休假,4
期待,4
呈现,4
页,4
技术创新,4
链接,4
can,4
know,4
MapReduce,4
家属,4
oral,4
teams,4
重用,4
Http,4
中国,4
dynamic,4
锻炼,4
上下班,4
Php,4
不断完善,4
佳,4
Webservice,4
scripting,4
真正,4
报销,4
福利制度,4
全国,4
B2B,4
饮料,4
名称,4
见解,4
local,4
携手,4
线下,4
CentOS,4
视野,4
服务器软件,4
挑战性,4
sqlserver,4
大小,4
牛,4
these,4
efficient,4
公有,4
海淀区,4
朝阳区,4
代,4
This,4
各大,4
理想,4
丰富多彩,4
create,4
阶段性,4
丧假,4
图像识别,4
Agile,4
东路,4
gunicorn,4
寻求,4
伙伴,4
As,4
列表,4
C语言,4
助力,4
公寓,4
天安,4
1.5,4
上升,4
more,4
databases,4
聚会,4
娱乐,4
thrift,4
LAMP,4
惊喜,4
突出,4
具体指导,4
driver,4
设施,4
看,4
现场,4
附近,4
放松,4
功能测试,4
系统软件,4
物理,4
青少年,4
里,4
城市,4
相互,4
home,4
顾问,4
货币,4
耦有,4
系统安全,4
优质,4
龙岗,4
性与解,4
CTO,4
零,4
机,4
中秋,4
~,4
广场,4
供应,4
crawler,4
安全事件,4
applications,4
Developer,4
Junior,4
frameworks,4
进步,4
而定,4
并行程序,4
苹果,4
沙龙,4
手,4
工具化,4
BeautifulSoup,4
表达式,4
Service,4
后期,4
self,4
共同进步,4
饮品,4
looking,4
performance,4
正常,4
mySQL,4
种,4
areas,4
aggregation,4
Heritrix,4
还是,4
三板,4
查阅,4
delivery,4
within,4
找出,4
Angular,4
智能化,4
structure,4
1.3,4
交换机,4
云端,4
科学,4
事,4
维和,4
登山,4
dns,4
自助,4
资产,4
保证数据,4
实训,4
生成,4
导向,4
原有,4
推荐奖,4
每人,4
午餐,4
文件系统,4
钓鱼,4
tonado,4
angularjs,4
research,4
融洽,4
师,4
即,4
版本控制,4
Angularjs,4
PEP8,4
分红,4
本科毕业,4
超过,4
数据中心,4
推广,4
储存,4
明显,4
把握,4
bring,4
分布式服务,4
在职,4
数据报表,4
!,4
跳转,4
精细化,4
supervisor,4
hands,4
当前,4
DNS,4
引入,4
内核,4
表现,4
OA,4
ExtJS,4
礼物,4
入,4
HDFS,4
多样化,4
尝试,4
只,4
quickly,4
Have,4
engineers,4
有志于,4
将会,4
was,4
勿扰,4
灵活,4
ll,4
决策树,4
Matlab,4
昆山,4
Your,4
关于,4
任,4
腾讯,4
student,4
大学,4
系统优化,4
who,4
A座,4
信息管理系统,4
数据管理,4
CBD,4
线程,4
不合理,4
RobotFramework,4
谷露,4
2015,4
通信协议,4
大中型,4
delivering,4
耐压,4
配套,4
部门经理,4
就业,4
过硬,4
优异,4
BUG,4
Spring,4
才,4
5000,4
试用期,4
乐观,4
maintain,4
转化,4
部,4
出差,4
TriFocus,4
薪,4
架设,4
及时处理,4
scraping,4
角色,4
相关性,4
hive,4
现金,4
OSD,4
various,4
课件,4
developer,4
咨询服务,4
jenkins,4
规范性,4
加密算法,4
level,4
类似,4
业务流程,4
仅限,4
徐汇区,4
thinking,4
Gunicorn,4
风险管理,4
周五,4
Description,4
缺,3
审计,3
工,3
关怀,3
室,3
下午,3
无限,3
Statistical,3
专才,3
跟,3
ubuntu,3
中型,3
虚拟机,3
组合,3
Work,3
数理,3
WAF,3
一系列,3
新技能,3
相对,3
不符,3
deep,3
CET6,3
具体情况,3
吃货,3
找,3
制造,3
壹,3
前提,3
设有,3
抗,3
官网,3
只能,3
等理,3
紧密配合,3
债券,3
测试报告,3
visualization,3
us,3
生物,3
全新,3
新入,3
查证,3
heritrix,3
拿到,3
超,3
树莓,3
安防,3
网页内容,3
largest,3
发掘,3
matplotlib,3
wsgi,3
CET,3
最新,3
验证,3
排除,3
订单,3
那么,3
多种语言,3
rest,3
pyramid,3
informix,3
网关,3
开放式,3
资源管理,3
JavaScript3,3
spring,3
张江,3
另外,3
Be,3
区,3
lxml,3
花桥,3
保证质量,3
jira,3
促进,3
一直,3
分工,3
market,3
盛夏,3
engagement,3
DjangoFlask,3
电影,3
mako,3
工资待遇,3
BACnet,3
帐号,3
数据格式,3
Build,3
写明,3
公开,3
疑难问题,3
措施,3
准确性,3
GTD,3
一面,3
对内,3
在校生,3
Able,3
同组,3
做到,3
全年,3
SaaS,3
能为,3
职业规划,3
nagios,3
Mel,3
bugzilla,3
商业智能,3
房地产,3
Oriented,3
project,3
条,3
MangoDB,3
某个,3
友善,3
定,3
cover,3
live,3
电脑,3
分析师,3
三维重建,3
ARI,3
秒,3
应急,3
朝气,3
主持,3
日期,3
resume,3
提醒,3
外部,3
分发,3
用人,3
自信,3
infrastructure,3
重组,3
consumer,3
趋势,3
brands,3
周六,3
花生,3
Responsibility,3
reviewboard,3
观念,3
岗前,3
资讯,3
甚至,3
fulfill,3
tensorflow,3
very,3
提测,3
南路,3
分支,3
教学模式,3
助教,3
SNMP,3
个人成长,3
Xen,3
多项,3
OS,3
敢于,3
岁,3
猎芯网,3
短期,3
东西,3
博士,3
通信工程,3
depth,3
高可靠性,3
余,3
用心,3
kv,3
热衷于,3
products,3
总经理,3
同,3
险,3
OpenGL,3
园,3
全,3
他人,3
顺利,3
统一,3
mesos,3
旺旺,3
回测,3
platform,3
innovate,3
customers,3
db2,3
科学计算,3
Understanding,3
体育,3
孩子,3
熟悉业务,3
必备,3
绩效考核,3
FastDFS,3
垂直,3
上报,3
离线,3
编排,3
及运维,3
职,3
any,3
elisticsearch,3
志同道合,3
liu,3
高于,3
cnicg,3
Lisp,3
algorithms,3
项,3
授权,3
System,3
落地,3
问,3
field,3
pip,3
PyCharm,3
供应商,3
through,3
辛苦,3
居住证,3
powershell,3
陪,3
不间断,3
代码优化,3
依,3
综合性,3
GPU,3
界面风格,3
degree,3
管理软件,3
讲师职位,3
购物,3
vue,3
服,3
一本,3
专业技能,3
elasticsearch,3
co,3
艺术,3
抽象,3
达成,3
Horizon,3
坚信,3
此基础,3
不是,3
亦可,3
儿童,3
派发,3
金融保险,3
浦东,3
cutting,3
资质,3
F5,3
学院,3
期货,3
权限,3
NLTK,3
身份,3
动画,3
无法,3
炫米,3
下属,3
通知,3
Feature,3
先关,3
可能性,3
金融交易,3
奖,3
全站,3
标签,3
服务程序,3
Packet,3
users,3
实体,3
简洁,3
实力,3
纵向,3
舞台,3
Requirement,3
maxieyetech,3
sdk,3
聪明,3
NodeJS,3
导出,3
office,3
OpenCV,3
Runner,3
All,3
Load,3
后续,3
少量,3
business,3
竞赛,3
WebPy,3
sqlalchemy,3
类型,3
中文,3
手持,3
learners,3
一号线,3
并行计算,3
科技园,3
健全,3
担心,3
终端,3
primary,3
皆,3
洁癖,3
收入,3
latency,3
AI,3
获取数据,3
MMORPG,3
过大,3
EnglishHighly,3
30000,3
join,3
着,3
一定量,3
带来,3
integrations,3
某,3
预计,3
OE,3
learner,3
改变,3
SAAS,3
大量,3
无素,3
公,3
tons,3
过节,3
风云,3
low,3
优,3
持股,3
Illustrator,3
江夏,3
广兰路,3
上海市浦东新区,3
网盘,3
电力系统,3
ORACLE,3
Beijing,3
三餐,3
地位,3
传统节日,3
地铁站,3
Google,3
打造出,3
媒体,3
降低,3
hazelcast,3
sqlAlchemy,3
logic,3
人家,3
sources,3
内部测试,3
调整,3
好奇心,3
W3C,3
特长,3
监管,3
combination,3
全局,3
优惠政策,3
善,3
世界,3
高薪,3
LVS,3
负,3
认知,3
所以,3
个性,3
附上,3
旁,3
Jdk,3
接触,3
elements,3
Test,3
visualizations,3
MemcacheDB,3
笔记本,3
side,3
goals,3
35,3
框,3
互相,3
not,3
Solid,3
people,3
开门,3
定时,3
network,3
游,3
Data,3
千万,3
What,3
py2exe,3
Framework,3
EDA,3
瑜伽,3
experienced,3
客户服务,3
新鲜,3
js4,3
付诸实践,3
以前,3
上市,3
Scrum,3
sketch,3
Fortran,3
姓名,3
财务软件,3
read,3
industry,3
its,3
筛选,3
渲染,3
勤于思考,3
全员,3
globally,3
游泳,3
半年,3
独自,3
日本,3
vCenter,3
20,3
校园,3
creating,3
平等,3
quality,3
拟写,3
联动,3
consider,3
商业保险,3
10000,3
精英,3
理论知识,3
professional,3
创建,3
stream,3
ElasticSerch,3
HXT,3
竞争对手,3
中秋节,3
组织协调,3
monitor,3
ceph,3
普瑞,3
2016,3
梳理,3
已经,3
issues,3
利,3
端午节,3
DBAPI,3
志向,3
Skills,3
意向,3
清楚,3
functionalities,3
近乎,3
KingFile,3
Maya,3
道德心,3
预测,3
速度,3
观,3
社会,3
派,3
汽车,3
15k,3
面议,3
葵花,3
开发新,3
认真细致,3
联系人,3
agents,3
完全,3
结算,3
迟到,3
junior,3
堡垒,3
troubleshooting,3
boost,3
正在,3
范围,3
Hibernate,3
精准,3
brightest,3
too,3
更具,3
很大,3
about,3
Mongdb,3
能源,3
current,3
同样,3
事项,3
兼容性,3
fast,3
骨干,3
真诚,3
storm,3
防火墙,3
提成,3
依托,3
扁平化,3
耦合,3
何种,3
Analysis,3
Zen,3
highly,3
觉得,3
time,3
成果,3
证明,3
internet,3
编写程序,3
网络应用,3
485,3
BootStrap,3
analytical,3
成绩,3
错过,3
protege,3
专职,3
父母,3
编译器,3
maven,3
图形图像,3
前段,3
Unity3D,3
SaltStack,3
承压,3
分词,3
业务部门,3
合家,3
languages,3
专项,3
热衷,3
布置,3
D,3
错误率,3
市场需求,3
日,3
工作量,3
Pattern,3
Swift,3
listing,3
三项,3
pyQt,3
兼顾,3
Pyramid,3
形式,3
勇于创新,3
苛刻,3
难得,3
不少,3
有意,3
collaboration,3
哺乳,3
覆盖,3
分布式应用,3
用户文档,3
茶点,3
ARPG,3
above,3
reports,3
CICD,3
基本概念,3
adaptability,3
100,3
亿科,3
3D,3
门户网站,3
RDBMS,3
开拓,3
Facebook,3
高温,3
东城区,3
活力,3
尤其,3
gradle,3
25,3
预估,3
意外保险,3
programming,3
写作,3
栋,3
当月,3
极致,3
保,3
html5,3
汇报,3
必需,3
民办,3
智慧,3
喜庆,3
communicate,3
计算环境,3
好学,3
爱好者,3
Libvirt,3
曾经,3
DSP,3
7.1,3
control,3
container,3
能用,3
年轻人,3
实践者,3
GO,3
吧,3
取得,3
数据服务,3
San,3
汇总,3
课程内容,3
薪金,3
预,3
不需,3
15000,3
relational,3
透明,3
CEO,3
Modbus,3
Nigix,3
codebase,3
运作,3
PythonWeb,3
webservice,3
和谐,3
全责,3
Position,3
红包,3
e,3
小伙伴,3
NET,3
using,3
软件技术,3
MODIS,3
网管,3
手册,3
恢复,3
之间,3
办公室,3
写字楼,3
ve,3
自觉遵守,3
虽然,3
client,3
就是,3
风口,3
feature,3
#,3
其余,3
假及,3
潜力,3
扬讯,3
Xml,3
防护,3
除了,3
月底,3
名校,3
不限,3
TK,3
Since,3
延迟,3
pythonpeixun,3
Backbone,3
major,3
PyLint,3
创作,3
Great,3
股票,3
H,3
plan,3
专员,3
提供数据,3
二本,3
valued,3
员,3
三者,3
additional,3
特殊,3
自豪,3
优缺点,3
展现,3
Lucene,3
回归,3
duties,3
DOM,3
traders,3
码,3
innovative,3
诚邀,3
量级,3
这是,3
瀑布,3
Torando,3
导入,3
Reactjs,3
methodology,3
center,3
success,3
最低,3
生态,3
Ubuntu,3
再,3
玩法,3
Required,3
Qualification,3
工作者,3
最终,3
细化,3
纠结,3
Fluent,3
excel,3
新一代,3
打卡,3
不端,3
Ceph,3
Gevent,3
条理清楚,3
RS232,3
edx,3
英语水平,3
酌量,3
testable,3
Jira,3
经济,3
reviews,3
would,3
检查,3
认为,3
innovation,3
电表,3
融入,3
want,3
请慎,3
月度,3
步行,3
法律,3
RESTFull,3
桌面开发,3
Core,3
zk120,3
路由,3
行走,3
应用服务,3
平时,3
感觉,3
successful,3
可靠性,3
progress,3
五一,3
四,3
往,3
调薪,3
升职,3
数据业务,3
前台,3
Webpy,3
simple,3
scripts,3
性别,3
融合,3
DBA,3
RESTFul,3
golang,3
航空,3
WebService,3
activemq,3
采取,3
商用,3
偏向,3
built,3
一到,3
pthon,3
CD,3
专升本,3
高科技,3
演示,3
增删,3
中级,3
确定,3
望京,3
适合,3
合约,3
便捷,3
周一,3
用例,3
SQLAlchmy,3
三层,3
由,3
畅吃,3
高峰期,3
销售额,3
under,3
PEP20,3
Photoshop,3
重大,3
shell2,3
初级,3
scalable,3
community,3
迁,3
Developers,3
现在,3
中任,3
seeking,3
preferably,3
izeef,3
跨平台,3
创业者,3
基本原理,3
跟进,3
金币,3
技术主管,3
选定,3
渴望,3
HADOOP,3
质检,3
cross,3
managing,3
文娱活动,3
频度,3
爱范儿,3
低于,3
公用,3
食宿,3
人脸,3
攻防,3
company,3
设计方案,3
劳逸结合,3
zeromq,3
底薪,3
supporting,3
抱,3
引导,3
心得,3
乒乓球室,3
TDD,3
人际交往,3
值得,3
responsibilities,3
物体,3
端午,3
patches,3
电子信息,3
亚洲,3
500,3
联系电话,3
VNPY,3
主管,3
重复,3
同类,3
妹子,3
between,3
把关,3
Saltstack,3
尽情,3
科技股份,3
整洁,3
密集型,3
守信,3
MacBook,3
分配,3
feedback,3
有心,3
系列,3
GFS,3
属性,3
对运维,3
description,3
developing,3
concept,3
挂牌,3
大容量,3
scikit,3
PyQt,3
柜台,3
勤奋,3
do,3
脚踏实地,3
Sphinx,3
edge,3
加密,3
烧烤,3
步骤,3
融资,3
吃,3
best,3
各位,3
面向对象分析,3
约,3
Json,3
rated,3
函数,3
passion,3
事件驱动,3
集体,3
不要,3
along,3
Key,3
popular,3
贯彻实施,3
但是,3
们,3
三个,3
对象,3
acceptance,3
webmagic,3
地方,3
Development,3
Nagios,3
IaaS,3
即可,3
学士,3
ADAS,3
ZeroMQ,3
驾驶,3
startup,3
不仅,3
愿景,3
relevant,3
充足,3
大厦,3
自学,3
共同完成,3
电力行业,3
固定,3
fixes,3
程序处理,3
环节,3
requests,3
探讨,3
kubernetes,3
多年,3
2017,3
processes,3
全额,3
接收,3
JSP,3
转,3
Hbase,3
系统命令,3
Axure,3
使,3
date,3
tech,3
easily,3
房补,3
python3,3
coordinate,3
南山区,3
跨部门,2
利用率,2
富,2
探亲假,2
编译语言,2
automationTechnical,2
speaking,2
Analytics,2
独挡,2
可读性,2
向往,2
爱心,2
所谓,2
22,2
职业道德,2
statistic,2
布署,2
意向者,2
圈,2
Vim,2
行业软件,2
参阅,2
ground,2
initiatives,2
Microservice2,2
非诚,2
中小学,2
拿手,2
交叉,2
备有,2
一台,2
continued,2
平淡,2
607Email,2
technologiesDevelop,2
Hadoop4,2
公关能力,2
嗨,2
反复,2
它们,2
ACM,2
风采,2
质量标准,2
合格者,2
advertising,2
programmatically,2
免,2
analytic,2
福布斯,2
qibuild,2
甲级,2
lifecycle,2
吸引,2
中有,2
中小企业,2
take,2
方针,2
jobMovoto,2
亲自,2
线或,2
第二阶段,2
落户,2
GPA,2
2005,2
过往,2
到访,2
target,2
API3,2
＋,2
VRAUTO,2
敏感度,2
firmware,2
Thrift,2
自带,2
正服,2
being,2
衍化,2
Minimum,2
详案,2
恪尽职守,2
十多年,2
交易规则,2
protocol,2
LabVeiw,2
语义,2
的确,2
letter,2
联合,2
Holdings,2
座落,2
火车站,2
想要,2
闵行,2
Phython,2
structures,2
既然,2
brand,2
sjcai,2
据,2
快乐,2
分析测试,2
全网,2
Hub,2
改查,2
数万,2
how,2
下高,2
中路,2
起草,2
复查,2
为加,2
hirain,2
702,2
跳槽,2
djangol,2
kicad,2
大型软件,2
defect,2
共,2
change,2
models,2
amchart,2
giving,2
Responsibility1,2
塑造,2
票务,2
可选,2
少儿,2
RocketMQ,2
patternsPreferred,2
上带,2
1600,2
active,2
不足,2
urllib,2
maintaining,2
软,2
SERVER,2
五类,2
verification,2
知识产权,2
尚浅,2
enable,2
易知,2
圈内,2
期限,2
cost,2
万科,2
展,2
分布,2
高速,2
marketers,2
撑握,2
表彰,2
402,2
复印机,2
车势,2
testingMonitor,2
说了算,2
expats,2
distributed,2
密云路,2
Communication,2
来自,2
操作方法,2
Laravel,2
SQLAlChemy,2
er,2
thrive,2
项目风险,2
予以考虑,2
转职,2
quick,2
恒丰路,2
shape,2
销售主管,2
英文简历,2
股票代码,2
July,2
264,2
客,2
Systems,2
show,2
好比,2
吸引力,2
157,2
proprietary,2
自动售货机,2
前途,2
倒数,2
孵化器,2
多维分析,2
强度,2
start,2
free,2
因素,2
SQLite3,2
价值观,2
地上,2
安全监控,2
判断,2
米,2
次序,2
热备,2
字符串,2
老,2
Team,2
Djangocelery,2
cinder,2
第一,2
AIX,2
金融信息,2
pushing,2
创新性,2
医疗险,2
运动装,2
酒店,2
debugging,2
JavaScript7,2
公关,2
第三,2
篮球场,2
Contact,2
Client,2
个性化,2
shejipeixun,2
positive,2
Chef,2
无忧,2
targeting,2
Pull,2
加利福尼亚州,2
果汁,2
节,2
母公司,2
到达,2
Beego,2
possess,2
无法忍受,2
家居,2
优加,2
涉足,2
prioritize,2
40,2
Cloudstack,2
验收,2
sessions,2
MongoDB4,2
原生,2
implementation,2
骨灰级,2
impact,2
绘制,2
意,2
自驱,2
申万,2
排重,2
Flexibility,2
uWsgi,2
party,2
Research,2
Quality,2
RestfulAPI,2
RDB,2
非凡,2
数策,2
关联,2
尽职尽责,2
计划生育,2
标配,2
assemble,2
点至,2
收到,2
畅饮,2
朱,2
失恋,2
VTK,2
skills5,2
designed,2
道德经,2
challenges,2
SkillsExperience,2
蓝海,2
竞价,2
Nothing,2
五楼,2
刚性,2
人品,2
表达力,2
加班津贴,2
index,2
JBOD,2
车云,2
系数,2
交大,2
男神,2
海珠区,2
预定,2
detail,2
独特,2
expertise,2
industries,2
年薪,2
计算机技术,2
市场份额,2
834540,2
创始人,2
tasksExperience,2
扎根,2
数据表,2
工资总额,2
经典,2
Pythen,2
交纳,2
mind,2
mybatis,2
信誉,2
抗得,2
趣玩,2
消防,2
complex,2
传媒,2
making,2
有没有,2
我司,2
detailed,2
谈谈,2
explaining,2
实力雄厚,2
领导者,2
连锁,2
jena,2
签,2
某种,2
过加分,2
教学方法,2
饮水机,2
Flavours,2
gateways,2
mac2,2
途径,2
beer,2
回家,2
一金外,2
它,2
OpenStack3,2
Buying,2
HttpClient,2
manner,2
一群,2
生动有趣,2
programing,2
全为,2
HLS,2
meet,2
消品,2
Future,2
一支,2
Stackoverflow,2
ipmitool,2
potential,2
影视,2
相似,2
学籍,2
关,2
icon,2
雷军,2
25K,2
dates,2
M,2
javaScript,2
挑选,2
车道,2
亲和力,2
休假日,2
KV,2
书籍,2
NIO,2
时不时,2
以大,2
书面,2
JudyZhu,2
不须,2
Mandarin,2
清洁,2
搬至,2
PostgreSQL3,2
itpeixun,2
operations,2
网民,2
authorization,2
Ominiture,2
上课,2
76,2
unique,2
Guide,2
网络故障,2
wxpython,2
商圈,2
坚实,2
征途,2
系统管理员,2
正面,2
pylint,2
springMVC,2
Apache6,2
一生,2
计算机程序,2
asynchronous,2
只会,2
西大街,2
BOSS,2
一展,2
排期,2
产业,2
发展前景,2
win32,2
下列,2
神黄,2
打,2
ensuring,2
Basic,2
地区,2
HTMLS5,2
过节费,2
ZooKeeper,2
sohu,2
Series,2
集成系统,2
concise,2
improvement,2
building,2
交代,2
半,2
AOP,2
总是,2
highchart,2
ECharts,2
3rd,2
Maintain,2
点心,2
核算,2
引起,2
自产自销,2
标准接口,2
老板,2
天赋,2
倡导,2
回归自然,2
时期,2
biggest,2
岗,2
资历,2
applications2,2
二路,2
产品部,2
分点,2
及金流,2
语法结构,2
Fu,2
休息时间,2
teamwork,2
适度,2
常用工具,2
果仁,2
极度,2
pytest,2
款,2
饭贴,2
Active,2
当然,2
派送,2
参考,2
小营,2
Kelly,2
符合条件者,2
willing,2
features,2
自有,2
便宜货,2
成熟技术,2
秉持,2
申请人,2
科研型,2
应有尽有,2
20000,2
按天,2
体制,2
痛点,2
多维,2
sustaining,2
那本官,2
竞争性,2
Requests,2
生命科学,2
v,2
only,2
锐意进取,2
Webmagic,2
天制,2
慰问品,2
软硬件,2
潜在,2
Gllue,2
my,2
LinuxExperience,2
40K,2
远远,2
本事,2
Ericsson,2
交易系统,2
PO,2
温和,2
Author,2
号楼,2
enhancements,2
milestones,2
优美,2
借助,2
稳固,2
managementQualifications,2
scale,2
实时处理,2
池,2
Person,2
爱孝金,2
tcp,2
着重于,2
Fabric,2
年来,2
高清,2
外企,2
既有,2
践行,2
send,2
最优化,2
interpersonal,2
KBEngine,2
应有,2
Most,2
来到,2
顺为,2
覆盖度,2
休闲活动,2
34724365,2
松山湖,2
45,2
周六日,2
frameworksSubmit,2
开辟,2
愉快,2
横向发展,2
vxlan,2
engine,2
0penstack,2
由卓启,2
优选,2
md,2
封面人物,2
保安,2
power,2
主站,2
维护者,2
Ｏ,2
responding,2
rubyKnowledge,2
VMWare,2
服务化,2
dubbo,2
试验,2
digital,2
O,2
助,2
Gather,2
极大,2
back,2
notch,2
合适,2
vital,2
改错,2
口齿清晰,2
turbogears,2
外资,2
人数,2
存入,2
快速增长,2
MBaaS,2
meaningful,2
TXT,2
同类产品,2
stand,2
午休,2
保姆,2
可设,2
稍,2
现,2
职业化,2
下半年,2
operates,2
效果图,2
Topbraid,2
qualityRequirements,2
肉,2
哥大,2
共性,2
analytics,2
Qualifications,2
BSP,2
最具,2
施展才华,2
交易平台,2
Companies,2
MCU,2
回报,2
GitLab,2
enabling,2
Phthon,2
选择器,2
exchange,2
安化,2
性质,2
rabbitMQ,2
system2,2
empower,2
jsAbout,2
Asynchronous,2
教研,2
留学,2
stronger,2
APIs,2
酷,2
类来,2
怀着,2
近脈,2
很爽,2
保底,2
postgres,2
效率高,2
play,2
SummaryThe,2
建设性,2
ued,2
高智商,2
直接参与,2
严密,2
生动活泼,2
伯符,2
tasks,2
skills6,2
其所,2
电力,2
拼搏精神,2
开发软件,2
Adecco,2
如年,2
About,2
举办,2
营造,2
前瞻性,2
数据文件,2
猎头,2
ES,2
无用,2
Eager,2
会能,2
精干,2
Participates,2
mssql2,2
智汇,2
every,2
亮点,2
混,2
Requirements,2
Networking,2
技术员,2
生产工具,2
化妆品,2
Fiask,2
中车,2
单元,2
年轻,2
耐,2
弱,2
次足疗,2
ku6,2
切分,2
原始,2
售中,2
LXC,2
进入,2
1st,2
变现,2
面向全国,2
easyUI,2
experience1,2
领先者,2
巨人,2
integrating,2
查看,2
cofeescript,2
Writing,2
信任,2
协会,2
emoji,2
classroom,2
Netty,2
Anti,2
使得,2
Mining,2
mango,2
IMAGO,2
institutions,2
正规,2
[,2
善良,2
names,2
越来越,2
protobuf,2
MariaDb,2
sprint,2
BitBucket,2
PgSQL,2
担当,2
不可,2
郭小姐,2
怀有,2
叫,2
enhancing,2
ProtocolBuffer,2
大树,2
长点,2
Activiti,2
内外部,2
bonuses,2
定义数据,2
aws,2
Services,2
签证,2
长宁区,2
准,2
IPFS,2
保障部门,2
常回家,2
SCSI,2
管控,2
大道,2
基地,2
蒋,2
曼谷,2
significant,2
20151028,2
想象,2
上层,2
手段,2
authentic,2
课程设计,2
MariaDB,2
like,2
价,2
institutional,2
统一化,2
超强,2
坚持不懈,2
慎重,2
汉语,2
header,2
业余活动,2
东,2
普陀区,2
phantomjs,2
enabled,2
情有独钟,2
environmentExperience,2
段时间,2
始终,2
跟着,2
virtualization,2
技术储备,2
感冒药,2
跨,2
预言,2
large,2
大有,2
feat,2
名师,2
Kung,2
礼,2
多种不同,2
文章,2
南沙,2
librariesvirtualization,2
干净,2
echarts,2
设定,2
决不,2
suite,2
mongodb6,2
oriented,2
Manpower,2
研究院,2
平衡,2
中式,2
可运维,2
下载,2
之前,2
网有,2
代言,2
spoken,2
传奇,2
Snappy,2
Git6,2
collaborate,2
试衣,2
虹口区,2
整层,2
在线教育,2
fixQualifications,2
副总经理,2
应聘者,2
决定,2
库者,2
回音,2
xen,2
防止,2
25000,2
国外,2
necessary,2
晋升制度,2
美国公司,2
squid,2
工作餐,2
OOA,2
金盛,2
方法论,2
advanced,2
书写能力,2
新仓,2
validation,2
C座,2
长椿街,2
expand,2
HighChart,2
旁站,2
管理工作,2
库及,2
局部,2
605,2
Oracles,2
ability5,2
Bring,2
machine,2
题库,2
libvirt,2
promote,2
罗兰贝,2
celery4,2
假日,2
modelsSupport,2
organizational,2
基本素质,2
互联网协议,2
接招,2
教学服务,2
时可带,2
quality2,2
tony,2
cashsoso,2
DAL,2
Recruit,2
orm,2
4008,2
Reids,2
兢兢业业,2
因此,2
event,2
pre,2
2012,2
Plone,2
人民广场,2
轨道交通,2
电竞,2
MacOS,2
WORD,2
pro,2
防范,2
P2P,2
应用层,2
主任,2
抱负,2
此项,2
full,2
长寿路,2
微调,2
淮海中路,2
two,2
品质,2
登陆,2
伴随,2
daily,2
sitecatalyst,2
RTMP,2
钢研,2
溢价,2
DOCKER,2
15K,2
parents,2
换,2
springcloud,2
多名,2
attitude4,2
板块,2
思考问题,2
alongside,2
金融资产,2
markets,2
论坛,2
美地,2
hours,2
JavaScript2,2
out,2
ITIL,2
传帮带,2
Api,2
传输数据,2
上海浦东,2
Zope,2
约见,2
NVR,2
机构,2
门户,2
webpy,2
日均,2
引用,2
Understand,2
请发,2
edX,2
pipelines,2
ql,2
SPSS,2
设计图,2
计数器,2
游泳池,2
n424416902,2
审美,2
Omniture,2
正式,2
patch,2
网络管理员,2
reusable,2
不计,2
罗湖区,2
ssm,2
绰绰有余,2
owner,2
types,2
Clean,2
火爆,2
zinnia,2
QUALIFICATIONSThe,2
passionate,2
FreeBSD,2
每季度,2
supports,2
wherever,2
压缩算法,2
660,2
日制,2
services,2
多任务,2
联系方式,2
Nobody,2
top,2
developed,2
债券市场,2
意志,2
青,2
jquey,2
微波炉,2
人情味,2
projectDevelop,2
OOD,2
智能家居,2
舒畅,2
accessible,2
依然,2
万左右,2
投顾,2
三大,2
FULL,2
培养目标,2
Lib,2
17,2
砸过来,2
第二个,2
点,2
旗下,2
Puppet,2
流等,2
而且,2
One,2
flow,2
behind,2
盘点,2
一条,2
deliverables,2
并肩作战,2
2.3,2
enforcement,2
消炎药,2
农学,2
最高,2
Pecan,2
双倍,2
evaluation,2
服务类型,2
平面设计,2
财富,2
盈利,2
稍微,2
某块,2
response,2
反演,2
手工,2
judypos,2
unlimited,2
文化氛围,2
来源于,2
570,2
听说,2
随时,2
Primary,2
updating,2
宽,2
视频产品,2
Mybatis,2
Fast,2
兵荒马乱,2
端到,2
Open,2
fluently,2
主创,2
githup,2
candidates,2
设法,2
嵌入式软件,2
大师级,2
开发周期,2
不再,2
如能,2
考勤,2
敬业,2
一颗,2
where,2
平安,2
南,2
marked,2
默默无闻,2
pri,2
之少,2
Time,2
意料之外,2
restricts,2
研究员,2
南北,2
membersCoach,2
responsiveness,2
社团,2
时候,2
transform,2
educators,2
职员,2
博雅,2
市,2
可转,2
晚会,2
模式识别,2
帽子,2
详情请,2
精益,2
Mak,2
印度,2
SDK,2
CentOS3,2
培训资料,2
工作人员,2
区域,2
programmingStrong,2
来说,2
htmlparser,2
Gitlab,2
right,2
PostGreSQL,2
Air,2
Cloud,2
内有,2
优惠,2
包容,2
邮件,2
引进人才,2
附加,2
connect,2
deadline,2
浮躁,2
班级,2
账单,2
合伙人,2
车涯,2
有后,2
productive,2
餐费,2
可观,2
Independence,2
新知,2
integrate,2
元岗路,2
recently,2
seeedstudio,2
恒大,2
vi,2
common,2
独到,2
规模,2
启动资金,2
用品,2
command5,2
experienceoHuge,2
系统升级,2
better,2
soft,2
充分发挥,2
移植,2
实验,2
敏锐,2
loop,2
7.3,2
creates,2
预处理,2
之外,2
辅导,2
Slack,2
才能,2
籍,2
iptables,2
可供,2
gomo,2
突发性,2
接口标准,2
ready,2
灾害,2
chef,2
Scraping,2
KPI,2
RESTfulAPI,2
重复使用,2
path,2
突出者,2
成正比,2
MongoDb,2
mission,2
Fastest,2
commerce,2
DynamoDB,2
母婴,2
承受能力,2
used,2
年功,2
解读,2
write,2
communicator,2
评价,2
ShanghaiBlackboard,2
Continuously,2
RFID,2
公正,2
Style,2
吃苦耐劳,2
STL,2
nice,2
distribution,2
太平洋保险,2
行为,2
tests,2
teamEffective,2
主题,2
薪外,2
修正,2
利率,2
consumers,2
激进,2
车补,2
富通云,2
Grafana,2
基因库,2
４,2
较具,2
随便,2
单独,2
加快,2
fengworld,2
16,2
才值,2
总得,2
坚实基础,2
everyone,2
Sklearn,2
诊断,2
talented,2
Microservices,2
体会,2
13238869626,2
zookeeper,2
多线,2
VIM,2
轻松自由,2
蚁,2
CPyUG,2
精确,2
人才库,2
万台,2
flexibility,2
演讲,2
段,2
杨浦区,2
通信接口,2
jsoup,2
productsManage,2
候选人,2
rare,2
①,2
YRAN,2
pyspdier,2
mongodb5,2
能量,2
运行状况,2
十五年,2
公里,2
中高级,2
简化,2
集结,2
应该,2
205,2
OLAP,2
构造,2
人际关系,2
clawer,2
子,2
troubleshoot,2
acquired,2
用户手册,2
勇往直前,2
学习态度,2
最出色,2
卡,2
初选,2
承载,2
FTP,2
老大,2
业务部,2
databases4,2
时刻,2
可信赖,2
调取,2
科学化,2
androidpeixun,2
专业课程,2
mongdb,2
岗位津贴,2
事务,2
再次,2
groups,2
动力,2
奥金斯柏,2
solr,2
66864950,2
trusted,2
顶尖,2
Naked,2
产品线,2
linus,2
恒汇,2
Amazon,2
4kwN9b49v0CCw,2
翻译,2
实盘,2
合,2
involve,2
求真务实,2
欺诈,2
writtenAbility,2
d,2
数亿,2
WPF,2
educational,2
衍生品,2
sg3,2
可能,2
提示,2
物联,2
一对一,2
Capital,2
非技术,2
培训中心,2
前期,2
motivation,2
全天候,2
酒店式,2
事业心,2
Jose,2
点对点,2
影响,2
ali,2
NewRelic,2
Pythoner,2
长久,2
意外,2
cherrypy,2
火车头,2
Enclosure,2
踢球,2
课程计划,2
技术细节,2
优越,2
种子,2
CNN,2
win7,2
which,2
Essential,2
emacs,2
Atoimc,2
Objective,2
业务人员,2
PRD,2
include,2
xml,2
formal,2
transformation,2
天河区,2
金闻路,2
最棒,2
Junit,2
163,2
靶场,2
CouchDB,2
SDK3,2
libraries,2
queries,2
spinlock,2
性能指标,2
SSD,2
做五休,2
Stack,2
下班,2
品行端正,2
energetic,2
即六险,2
Ｍ,2
数据传输,2
Top,2
富于,2
cheyun,2
开拓创新,2
next,2
本身,2
事业单位,2
职业技能,2
Bitbucket,2
0756,2
有学,2
小规模,2
SDLC,2
佰,2
旨在,2
工会,2
Provide,2
画像,2
化新,2
产品软件,2
数量,2
而是,2
猫,2
QCon,2
熟识,2
看护,2
传播,2
被禁,2
visual,2
neurta,2
买个,2
29,2
信用,2
Bug,2
家,2
查改,2
优有,2
减少,2
若,2
装载,2
retail,2
这片,2
VisualStudio2010,2
spaces,2
CeleryJava,2
涉猎,2
Saas,2
服务商,2
entrepreneurs,2
vim,2
apache7,2
believing,2
Flannel,2
MessagePack,2
实线,2
interchange,2
14999,2
为辅,2
coach,2
大家庭,2
chip,2
合理要求,2
高科,2
Machine,2
CSS4,2
SPARK,2
place,2
MQTT,2
养家糊口,2
West,2
东四,2
NASL,2
美学,2
regular,2
高学历,2
数据安全,2
科,2
文体活动,2
SqlAlchemy,2
医药,2
社会保障,2
系统实施,2
持久,2
aid,2
least,2
Smarty,2
一体机,2
适应能力,2
热门,2
group,2
超有,2
Programming,2
states,2
所用,2
containers,2
娴熟,2
高雄,2
机房,2
online,2
告诉,2
therefore,2
代理,2
事物,2
大三,2
帮忙,2
科学规范,2
SummaryDeveloper,2
数据检索,2
队长,2
Uhura,2
jp,2
99,2
合作方,2
RHEL,2
云如,2
资本,2
Dojo,2
实时性,2
诚达,2
jsonRPC,2
ups,2
群,2
deadlines,2
represent,2
ideas,2
documentation,2
合则,2
朋友,2
优劣,2
精,2
pylons,2
ch,2
hdfs,2
点子,2
及大,2
Relational,2
二手车,2
imq,2
社会关系,2
HtmlUnit,2
health,2
trouble,2
控制中心,2
includes,2
栈有,2
eligible,2
友好,2
博客地址,2
共进,2
Verification,2
原始数据,2
SQlite,2
雇员,2
②,2
半年度,2
assessing,2
办公楼,2
归档,2
异动,2
clear,2
easier,2
WebMagic,2
坏,2
单品,2
会用,2
距离,2
PEP84,2
百万,2
酱子,2
办法,2
sdn,2
假以,2
黄陂,2
STEAM,2
Functions,2
无私奉献,2
家庭用户,2
15W,2
一切,2
Ethereum,2
可采,2
someone,2
ATC,2
performant,2
爱岗敬业,2
万级,2
亿级,2
backing,2
gitlab,2
14.5,2
异禀,2
Expert,2
子公司,2
然后,2
靠近,2
comprehensive,2
基数,2
发祥地,2
职首,2
有百,2
20W,2
mathartsys,2
option,2
大都,2
WMI,2
Mercurial,2
worlds,2
huge,2
Although,2
web2py,2
不算,2
多有,2
　,2
everything,2
十四行诗,2
Nginx8,2
住,2
hdf,2
口头,2
without,2
异常,2
在短期内,2
东四十条,2
comMovoto,2
conditions,2
Deploy,2
高层次,2
广告投放,2
国级,2
健身活动,2
坦诚,2
Pylons,2
internationally,2
来广营,2
境,2
巨头,2
多劳多得,2
CloudStack2,2
楼宇,2
更要,2
网,2
entity,2
炉火纯青,2
150,2
Cloudera,2
minimizing,2
机顶盒,2
立足,2
IntroWe,2
生物制药,2
科学家,2
百兆,2
bat,2
节电,2
PROFESSIONAL,2
维度,2
TELNET,2
refine,2
MPP,2
同行业,2
床,2
HtmlParser,2
生活圈,2
evaluate,2
配送,2
javascipt,2
independent,2
Mariadb,2
电子商务,2
PLC,2
编制,2
有趣,2
版面,2
保障线,2
Become,2
gluster,2
websockets,2
opencv,2
选拔,2
组内,2
JavsScript,2
规律,2
Scikit,2
过线,2
AngularJs,2
写作能力,2
这一,2
这么,2
svn10,2
币,2
easy,2
多层,2
production,2
coding,2
PythonAon,2
PythonoKnowledge,2
优雅,2
生产流程,2
sites,2
led,2
JR,2
业绩,2
机遇,2
kungfudata,2
RESTFUL,2
朝九晚,2
白,2
并重,2
强化,2
focus,2
FESCO,2
20K,2
花园,2
get,2
互联,2
初期,2
繁杂,2
这家,2
淘汰,2
owners,2
consulting,2
softwareAbility,2
openerp,2
午饭,2
胜任,2
五宁路,2
女神,2
rapid,2
SOA,2
其实,2
matching,2
MyEclipse,2
差旅,2
运转,2
oschina,2
系,2
考评,2
图形用户界面,2
献身,2
甲,2
js3,2
采购,2
内地,2
成都,2
targets,2
福利品,2
积极进取,2
深南,2
Use,2
外商独资,2
Collect,2
约会,2
tests7,2
Database,2
历史,2
processor,2
触发器,2
颜值,2
格,2
debian,2
PyCon,2
不惜,2
constantly,2
张,2
iMac2,2
优异者,2
10W,2
缺一不可,2
阿尔法,2
CAS,2
iospeixun,2
April,2
生存,2
gtest,2
期盼,2
Private,2
Governance,2
落实,2
团结,2
exceptional,2
共创,2
人员培训,2
仓储,2
浦发银行,2
清河,2
嫁接,2
专利技术,2
粒度,2
歪,2
NoSQ,2
NPDP,2
学,2
倍感,2
单,2
革新,2
09,2
如期完成,2
人身,2
自研,2
location,2
高德,2
起飞,2
金,2
Level,2
她,2
慰唁,2
分公司,2
小班,2
window,2
下单,2
六,2
场地,2
Nonblocking,2
automating,2
mangodb,2
勃勃的,2
13184,2
middle,2
紧迫感,2
3.0,2
表格,2
Bitcoin,2
pythonic,2
项目前期,2
Rabbitmq,2
保质,2
滨海,2
美美,2
信息科学,2
Ｐ,2
出国,2
威特,2
T,2
convey,2
口语,2
保密,2
foreign,2
guoxy,2
utils,2
Makefile,2
双,2
修订,2
绕过,2
新闻,2
priority,2
testers,2
Confluence,2
台北,2
sqlsever,2
KFD,2
Company,2
gerber,2
事实上,2
词,2
530,2
responsive,2
制订,2
ever,2
台云,2
事情,2
查出,2
wants,2
食物,2
音乐,2
深户,2
工伤,2
在实践中,2
电子政务,2
尚无,2
流利,2
系统核心,2
And,2
webserver,2
每条,2
limitations,2
指引,2
PARK,2
软件产业,2
其二,2
science,2
静态,2
有机,2
依法,2
现正,2
general,2
排错,2
几何,2
国防,2
redhat,2
一件,2
demos,2
企图,2
临时性,2
现磨,2
遵从,2
1000,2
怡安翰,2
伸缩性,2
数据交换,2
finally,2
结,2
总理,2
踊跃,2
路由器,2
consultants,2
Laraval,2
偏重于,2
周围,2
甜点,2
实习期,2
连猪,2
图形,2
器材,2
初始,2
patterns,2
类及,2
foundation,2
javascript2,2
公交,2
DNSPOD,2
查询语言,2
搞,2
后处理,2
postgresql5,2
mxnet,2
个惜,2
deliver,2
marketing,2
如有,2
绿地,2
demonstrate,2
手动,2
另议,2
AWK,2
critical,2
相称,2
追踪,2
投送,2
客服,2
urllib2,2
软著,2
I,2
Highcharts4,2
五星,2
间,2
新造,2
程和,2
Arts,2
suitable,2
8.2,2
组织部门,2
opening,2
设立,2
sqlAlchemy5,2
ASAP,2
极限运动,2
进化,2
巨大,2
teamQualifications,2
一半,2
多次,2
一票否决权,2
番禺区,2
SKILLS,2
挂板,2
Red,2
DSM,2
可耻,2
roadmaps,2
Cloustack,2
大海,2
HPC,2
起,2
金融市场,2
舒心,2
Languages,2
曾,2
8939023,2
sparq1,2
四者,2
mainstream,2
Technology,2
更大,2
自夸,2
MongoDB3,2
给定,2
布吉佳兆业,2
31,2
offer,2
Troubleshooting,2
股票交易,2
assign,2
医疗保健,2
Travis,2
Mapper,2
UT,2
工资福利,2
有线,2
泰富,2
60,2
十几人,2
模拟器,2
美好,2
养老,2
工程学,2
displays,2
互联网安全,2
continuously,2
member,2
contain,2
拨打,2
雄厚,2
activities,2
Mysql6,2
ensure,2
backend,2
四年,2
《,2
另视,2
Embrace,2
新课程,2
but,2
离,2
甲方,2
firms,2
vmware,2
Hat,2
Shanghai,2
MINIMUM,2
个人简历,2
赠送,2
cases,2
班车,2
2010,2
Coding,2
growing,2
cassandra,2
中介,2
网游,2
Wiki,2
大盘,2
小女子,2
国际化,2
大学专科,2
Erlang,2
交给,2
排名,2
transforming,2
过渡,2
jqueryui,2
265,2
笑,2
茶水,2
点击,2
富士,2
五年,2
chain,2
技术人员,2
说,2
approach,2
Others,2
流失率,2
asterisk,2
K8S,2
x,2
redis3,2
星河,2
壮大,2
相同,2
Flask4,2
缩短,2
openStack,2
单片机,2
婚介,2
外地,2
图像处理,2
servers,2
Release,2
httpclient,2
流媒体,2
uWSGI,2
要会,2
selector,2
某些,2
短,2
etcd,2
意外险,2
interested,2
余年,2
同位素,2
清洁卫生,2
Following,2
随时随地,2
Memcach,2
marketplaces,2
标注,2
toanado,2
upstream,2
疾病,2
ceilometer,2
integral,2
以后,2
租赁,2
RabbitMQ8,2
宏源证券,2
mongodb4,2
高速成长,2
软件包,2
consideredIn,2
18038012790,2
局限,2
增量,2
fundamental,2
接字,2
respond,2
depending,2
谦虚,2
大多数,2
产品策划,2
体育运动,2
Heat,2
性格,2
验签,2
三十多,2
专情,2
inside,2
数理统计,2
Modeling,2
消费品,2
Geek,2
入侵,2
串接,2
位,2
市中心,2
错误,2
故,2
then,2
悟商,2
设置,2
Pursuing,2
51,2
传真,2
SolbitRobot,2
今年,2
NumPy,2
鉴权,2
sole,2
PythonSQL,2
生态学,2
IC,2
downtime,2
适时,2
利益,2
jiaju,2
Must,2
硬,2
OpenParty,2
技术类,2
Subversion,2
租房,2
地处,2
paced,2
OO2,2
需求方,2
轨道,2
年销售额,2
shooting,2
瞎眼,2
customer,2
838940,2
客运站,2
基础理论,2
指挥,2
不定量,2
MySQL2,2
info,2
专,2
Ceilometer,2
如无请,2
虚机,2
浪费,2
知识库,2
争先,2
未,2
Nltk,2
验证码,2
Pro,2
tornadon,2
绿卡,2
温室,2
8rc,2
发送,2
Available,2
超赞,2
有万得,2
频繁,2
principles,2
宽松,2
没,2
informed,2
机械式,2
吃饭问题,2
auto,2
Blockchain,2
能过,2
上限,2
GPIO,2
被,2
访问量,2
理由,2
玩转,2
displayedResponsibilities,2
鸡血,2
dedicated,2
博彦,2
往往,2
操作技能,2
烧钱,2
梅林,2
分销,2
带动,2
十分,2
db,2
O2O,2
开,2
科技园区,2
几门,2
共处,2
fio,2
reassign,2
配置文件,2
理工,2
后顾之忧,2
apathce2,2
信息工程,2
金融业,2
pactera,2
以人为本,2
不变,2
portfolios,2
入内,2
什么,2
推崇,2
数以百万计,2
备份,2
DevelopmentThis,2
会议室,2
技术水平,2
Request,2
风投,2
少不了,2
requirementsDESIRED,2
Passion,2
客户群,2
哒,2
求全,2
eagle,2
idea,2
华北,2
征信,2
传授,2
2.1,2
金融中心,2
答疑,2
年轻化,2
99.99,2
游玩,2
870744,2
工龄,2
Blackboard,2
对话,2
云有,2
Cacti,2
DHTML,2
早晚,2
比赛,2
效力,2
每家,2
专题,2
飞速发展,2
跨界,2
Uinix,2
打码,2
扬讯会,2
维持,2
套,2
toolsLinux,2
缺钱,2
文体,2
PhD,2
require,2
身先士卒,2
媒体报道,2
合作开发,2
四号线,2
each,2
求知,2
第一项,2
facilitating,2
闸北区,2
Trac,2
productsRequired,2
output,2
minimum,2
django2,2
Lua,2
机票,2
jc,2
有着,2
boss,2
一批,2
多种多样,2
track,2
practice,2
salt,2
libevent,2
follow,2
偶尔,2
人们,2
Math,2
applepeixun,2
node,2
SW,2
菁英,2
Aggregate,2
5.5,2
共赢,2
研发部,2
立足于,2
精湛,2
PTA,2
先后,2
中环,2
精益求精,2
尽可能,2
海景,2
POSITION,2
fmcg,2
以内,2
高效率,2
For,2
彼此,2
保障体系,2
社会化,2
业内人士,2
顶级,2
上面,2
Japan,2
八险,2
太小,2
aspects,2
乐趣,2
VC,2
expectations,2
Kimchi,2
下多,2
沉淀,2
技术骨干,2
Twsited,2
assist,2
see,2
食,2
从半,2
徐家汇,2
Xhtml,2
图,2
Full,2
浪潮,2
生物工程,2
２,2
晋级,2
壁球,2
电联,2
style,2
universaltraining,2
future,2
式调度,2
CPU,2
Free,2
本科专业,2
communityCommunicate,2
Oscar,2
已知,2
RNN,2
practices,2
大多,2
Devops,2
Integration,2
路线图,2
neusoft,2
动向,2
复制,2
智商,2
昌岗,2
50,2
order,2
环球,2
SH,2
储备,2
送达,2
reactjs,2
半径,2
硅谷,2
回顾,2
nodejs,2
eco,2
Group,2
按规定,2
气体,2
条件者,2
因,2
施展,2
餐饮,2
东站,2
highcharts,2
控制系统,2
中山西路,2
足疗,2
厂商,2
effectiveness,2
zhaopin,2
outside,2
云管,2
Mateo,2
民以食为天,2
你够,2
双线,2
对面,2
照顾,2
protocols,2
push,2
园区,2
非同凡响,2
adapt,2
oauth,2
operation,2
求职,2
财经,2
前程,2
用法,2
MSSQL,2
RESPONSIBILITIESThis,2
放开,2
乃至,2
运维工单,2
任人唯贤,2
工程项目,2
大牛来,2
MayaApI,2
一天,2
locations,2
proven,2
冉冉升起,2
NUMA,2
Our,2
单例,2
接口分析,2
Vagrant,2
遇水架桥,2
spyne,2
strategy,2
下篇,2
配有,2
computer,2
cache,2
报酬,2
行人,2
puppet,2
商业模式,2
上场,2
Avro,2
2.7,2
一份,2
Develop,2
reported,2
力,2
密切,2
气象学,2
猎芯,2
赶紧,2
技术咨询,2
主人翁,2
讲解,2
Handle,2
Keystone,2
强者,2
龙岗区,2
上下级,2
一员,2
化等,2
知乎,2
quanxinmedical,2
产育,2
熟练度,2
忠实,2
工资水平,2
办公设备,2
平均,2
程序模块,2
信息化,2
合理安排,2
Operating,2
Solution,2
号宏汇,2
content,2
Silicon,2
buying,2
OFFICE,2
Symfony,2
DPDK,2
年龄,2
体育新闻,2
Emacs,2
aspx,2
凭借,2
Communicate,2
components,2
数据组织,2
掉,2
schemas,2
hg,2
site,2
ip,2
心理素质,2
忠诚,2
Js,2
set,2
OpenSource,2
ARMv8,2
multi,2
最大化,2
requirement,2
招待费,2
计划表,2
详情,2
fix,2
行动,2
街道,2
两次,2
操作命令,2
hosting,2
好玩,2
VP9,2
KVMDocker,2
状况,2
Kicad,2
短平快,2
给钱,2
10TB,2
optimization,2
DeveloperLocation,2
财,2
有些,2
头脑灵活,2
功耗,2
技术手段,2
trade,2
PPT,2
床单,2
中广核,2
Notification,2
上传,2
电子商务系统,2
安全措施,2
数百名,2
读懂,2
报名,2
信赖,2
》,2
电子科技,2
努力提高,2
心,2
higher,2
分析方法,2
复志,2
2018,2
期间,2
g,2
加上,2
pyquery,2
兼容,2
ARP,2
AsiaPacRequirementsMS,2
Education,2
liunx,2
轻而易举,2
蛋糕,2
周日,2
A轮,2
larbin,2
sqlite3,2
忧化,2
路演,2
restfull,2
facing,2
基本功,2
工业园,2
ftp,2
sina,2
画饼,2
硕士学位,2
profile,2
download,2
乒乓球,2
could,2
化运维,2
understood,2
oUnderstanding,2
一般,2
邮寄,2
宗旨,2
备课,2
coffee,2
第三个,2
魅力,2
业,2
化学分析,2
Superset,2
站上来,2
正则,2
线路,2
程序流程,2
券商,2
DB23,2
听说读写,2
端正,2
Journal,2
拆,2
大赛,2
especially,2
十号,2
确认,2
year,2
感召力,2
过关,2
2100,2
Platforms,2
不合,2
职后,2
移动用户,2
管理者,2
tier,2
切词,2
吗,2
重新,2
limited,2
看起来,2
连续,2
PGSQL,2
communityHelp,2
不坑,2
mobile,2
思维习惯,2
INC,2
不想,2
超乎,2
],2
数据备份,2
经营范围,2
一部分,2
thought,2
认真思考,2
合理性,2
建模语言,2
排故,2
商务大厦,2
120,2
Hibernat,2
组成员,2
推出,2
兴业银行,2
忽略,2
topology,2
springboot,2
唯才,2
Rally,2
teach,2
力量,2
淘宝,2
Hewitt,2
其一,2
测服,2
专属,2
影响力,2
importantly,2
storing,2
设备设计,2
浦东新区,2
时会,2
during,2
人性化,2
Visual,2
某一方面,2
情感,2
栈为,2
明朗,2
提纯,2
OS5,2
ARM,2
电冰箱,2
节奏,2
镇,2
美国,2
tsdb,2
mssql,2
D座,2
myBatis,2
光纤网络,2
疑难杂症,2
pep8,2
sending,2
极其,2
心理学,2
与此同时,2
大师,2
热度,2
RdY3,2
粤语,2
difficult,2
CTA,2
打磨,2
传智,2
全过程,2
经营,2
architectures,2
SAP,2
Email,2
core,2
口才,2
maintains,2
栈及,2
高品质,2
有人,2
属,2
helps,2
准时,2
技术实力,2
speak,2
realpore,2
founded,2
转码,2
iptableebtablebridgeOpenflowVXLAN,2
一两年,2
绘图,2
HTMl5,2
自律,2
录制,2
测试项目,2
乘以,2
交互方式,2
认同感,2
诚聘,2
ID,2
太,2
零售,2
意愿,2
ODOO,2
冗灾,2
度,2
贡献奖,2
难,2
Valley,2
第,2
常见问题,2
andriod,2
Directory,2
主次,2
电量,2
可口,2
天及,2
共同开发,2
Gmail,2
图形学,2
qing,2
yt,2
图形化,2
safety,2
主,2
设限,2
狂,2
tracking,2
Bachelor,2
军火商,2
descriptionThis,2
Perl4,2
得到,2
一体化,2
Preferable,2
angularjs4,2
不看,2
研究生,2
走远,2
有个,2
NAT,2
运行机制,2
诗歌,2
plusFamiliar,2
股东,2
availability,2
联盟,2
更快,2
后门,2
斗志昂扬,2
多功能,2
职场,2
Requires,2
Readme,2
受到,2
物流,2
原因,2
学富五车,2
技术论坛,2
IQ,2
黑盒,2
量身,2
Intel,2
触类旁通,2
进取精神,2
生态环境,2
2013,2
商标,2
Caffe,2
农业遥感,2
不在乎,2
购书,2
打下,2
架,2
Protobuf,2
全球股市,2
cdn,2
risk,2
来者不拒,2
星辰,2
CG,2
OpenResty,2
目的,2
材料,2
饭补,2
变得,2
Virtualenv,2
黄石,2
竞争,2
Chinese,2
player,2
上网,2
尽量,2
味蕾,2
receiving,2
暴力,2
北四环,2
ui,2
够,2
transparency,2
十几个,2
预服,2
普通话,2
wxPython,2
existing,2
openvswitch,2
公费旅游,2
generation,2
白盒,2
enterprise,2
verify,2
Owner,2
creativity,2
经常,2
摄像机,2
就职,2
西东,2
builds,2
当爱,2
1300,2
营业,2
客制化,2
埋头苦干,2
迫不及待,2
QEMU,2
Mina,2
authentication,2
匹配,2
交接,2
分割线,2
nice1,2
programmingGood,2
队友,2
极具,2
way,2
勤勉,2
辐射,2
被子,2
还要,2
强及,2
Maxi,2
番禺,2
真格,2
NSE,2
芦恒路,2
范式,2
压制,2
单身,2
cheng,2
22k,2
过云,2
民营,2
导师,2
本部,2
buyers,2
电子设备,2
function,2
商业软件,2
界定,2
可至,2
semiconductor,2
横向,2
接受者,2
Main,2
apps,2
568,2
一档,2
Technical,2
爹,2
Business,2
总,2
CDN,2
接电话,2
蓝牙,2
烦恼,2
双薪外,2
pd,2
automatically,2
实施方案,2
为准,2
用过,2
普调,2
VMO,2
Bottle,2
R3,2
功能性,2
车辆,2
Informix,2
pyunit,2
见,2
汇,2
宏图,2
hooca,2
SciPy,2
集成电路,2
变更,2
IIS,2
单纯,2
Ngix,2
薪水,2
neutron,2
传智播,2
Physics,2
表单,2
make,2
np,2
EnglishPreferred,2
佳者,2
凝聚力,2
valuedPlease,2
本职工作,2
Growing,2
等千锋,2
Surprise,2
新兴,2
minicom,2
金融机构,2
此前,2
helpful,2
制造商,2
been,2
制作者,2
Application,2
市场营销,2
转化率,2
doo,2
uncover,2
百合,2
efficiently,2
install,2
lifelong,2
JAVAScript,2
令人兴奋,2
千亿,2
Shenzhen,2
该软件,2
peixun,2
receive,2
挂钩,2
partner,2
BUS,2
city,2
不良行为,2
往返机票,2
J,2
contribute,2
robotics,2
Drive,2
fpm,2
树及,2
中小型,2
背书,2
统计算法,2
贺,2
minds,2
DB3,2
kernel,2
产出,2
论文,2
发展趋势,2
reliable,2
环保,2
solid,2
长者,2
Netis,2
2.5,2
UDP3,2
桂林,2
devpos,2
供应链,2
continually,2
全方位,2
whenever,2
观影,2
高等数学,2
圆率,2
STACK,2
房产,2
lxc,2
月末,2
专利申请,2
与日俱增,2
GllueSoftware,2
验,2
things,2
POC,2
气味相投,2
互联网内容,2
股份,2
openERP,2
兴奋,2
Struts,2
容错,2
unnecessarily,2
正,2
有微,2
上手,2
identified,2
迁移,2
Participate,2
无风险,2
企事业,2
changing,2
Jsoup,2
六分钟,2
B2C,2
scheduler,2
laiyagame,2
要求者,2
Theano,2
心理,2
在读,2
what,2
流式,2
小米,2
spec,2
versioning,2
住宿,2
看看,2
行情,2
设计规划,2
leading,2
never,2
组织系统,2
automate,2
中午,2
Will,2
专业人才,2
Whether,2
打太多,2
expression,2
业务管理,2
时节,2
痴迷,2
一时,2
灵感,2
刚获,2
开山,2
Eagle,2
身怀六甲,2
GitExperience,2
REQUIREMENTS,2
证据,2
占,2
拆解,2
SLAM,2
XP,2
Compensation,2
端游,2
东莞,2
按量,2
Sever,2
子项目,2
数下,2
Innovative,2
no,2
Robot,2
利用自身,2
火药,2
信息学,2
面谈,2
银行业,2
SQLserver,2
ODP,2
same,2
drinks,2
隶属,2
院内,2
链是,2
Artifactory,2
概述,2
shtml,2
序列,2
诺亚,2
赴,2
accurev,2
sicpy,2
民主,2
24,2
pyhton,2
能动性,2
不断深入,2
数据仓库,2
构成,2
齐全,2
遇山,2
黄金地段,2
6.3,2
IM,2
有无,2
over,2
药品,2
环境优美,2
fdfzjxxx,2
ResponsibilitiesCollaborate,2
底蕴,2
Eye,2
面部,2
zmq,2
DEVELOPER,2
leader,2
偏好,2
测试数据,2
职业装,2
drive,2
Self,2
different,2
有物,2
庆祝,2
b,2
伟业,2
Plotly,2
大约,2
第二名,2
致,2
数据量,2
programmingExperience,2
workers,2
Major,2
洗护,2
齐备,2
求职者,2
讯,2
多样,2
比特,2
口碑,2
NEEQ838940,2
差旅费,2
平均水平,2
天河,2
own,2
讲习,2
interfaces,2
年收入,2
权益,2
ANDROID,2
Suumo,2
负责管理,2
ecommerce,2
亮,2
派来,2
猴子,2
SpringMVC,2
提薪,2
operating,2
更会,2
上午,2
SCALA,2
遍及,2
订购,2
叠加,2
Webservicec,2
会后,2
归纳,2
angular,2
爬虫类,2
conceptsoSome,2
store,2
equivalent,2
OdooOdoo,2
With,2
兼职,2
跑不掉,2
7SensesLabs,2
assurance,2
之类,2
主页,2
EViews,2
It,2
长年,2
多款,2
无限量,2
分成,2
按质,2
2nd,2
主力,2
当现,2
避免,2
实用,2
几个,2
vSphere,2
急聘,2
麻将,2
文献,2
以往,2
计划性,2
每隔,2
desired,2
外汇,2
扩容,2
感受,2
生命周期,2
观看,2
ios,2
metrics,2
threading,2
伸缩,2
RDP,2
ThinkPHP,2
Being,2
相当于,2
智造,2
交易员,2
活泼开朗,2
0755,2
简介,2
